record_id,district_id,crop_id,season_id,insurer_id,farmer_applications_loanee,farmer_applications_non_loanee,total_farmers_enrolled,small_marginal_farmers,insured_area_ha,sum_insured_inr_crores,actuarial_premium_rate_pct,farmer_premium_rate_pct,farmer_premium_inr_crores,central_subsidy_inr_crores,state_subsidy_inr_crores,gross_premium_inr_crores,state_subsidy_status,state_subsidy_delay_days,rainfall_departure_pct,dry_spell_duration_days,threshold_yield_kg_ha,actual_yield_kg_ha,yield_shortfall_pct,planned_cces,conducted_cces,cce_discrepancy_rate_pct,claims_reported_inr_crores,claims_approved_inr_crores,claims_rejected_inr_crores,claims_paid_inr_crores,claim_settlement_tat_days,loss_cost_ratio_pct,non_loanee_loss_multiplier
REC_00001,MH01,CR01,2019_K,INS01,19050,7714,26764,21833,33727.01,141.65,12.99,2.0,2.83,7.78,7.79,18.4,Settled on Time,16,7.0,8,1241.2,1166.0,6.06,130,126,1.39,8.74,8.25,0.49,8.25,36,44.84,1.31
REC_00002,MH01,CR02,2019_K,INS01,15978,4834,20812,16503,21974.69,120.86,17.4,2.0,2.42,9.3,9.31,21.03,Settled on Time,30,3.2,6,1292.9,1292.9,0.0,96,88,1.26,1.65,1.55,0.1,1.55,45,7.37,1.42
REC_00003,MH01,CR03,2019_K,INS01,17489,5024,22513,18082,27939.0,173.22,19.73,5.0,8.66,12.76,12.76,34.18,Delayed >6 Months,268,5.9,17,1377.0,1304.1,5.29,142,129,1.29,9.13,8.7,0.43,7.13,302,20.86,1.38
REC_00004,MH01,CR05,2019_K,INS01,10449,4349,14798,11125,18727.53,71.16,11.94,2.0,1.42,3.54,3.54,8.5,Settled on Time,49,12.5,9,2742.5,2596.4,5.33,100,93,0.24,3.76,3.5,0.26,3.5,76,41.18,1.41
REC_00005,MH01,CR08,2019_R,INS01,30360,10314,40674,34236,38610.75,160.62,15.83,1.5,2.41,11.51,11.51,25.43,Delayed 3-6 Months,102,1.4,5,2055.1,1862.1,9.39,212,194,2.33,16.11,15.32,0.79,12.11,154,47.62,1.18
REC_00006,MH01,CR09,2019_R,INS01,13719,2858,16577,14401,18849.0,60.77,17.56,1.5,0.91,4.88,4.88,10.67,Delayed 3-6 Months,249,18.5,11,1573.1,1542.1,1.97,74,70,1.14,2.1,1.93,0.17,1.35,294,12.65,1.25
REC_00007,MH01,CR01,2020_K,INS01,20524,5138,25662,22348,26105.39,114.03,14.16,2.0,2.28,6.94,6.93,16.15,Delayed 3-6 Months,261,36.0,3,3143.6,3091.7,1.65,101,93,0.15,3.23,3.05,0.18,2.17,299,13.44,1.42
REC_00008,MH01,CR02,2020_K,INS01,20963,6005,26968,23669,26978.09,154.31,13.59,2.0,3.09,8.94,8.94,20.97,Settled on Time,41,22.6,1,2656.4,2536.6,4.51,128,122,1.66,3.03,2.9,0.13,2.9,56,13.83,1.31
REC_00009,MH01,CR03,2020_K,INS01,40396,11790,52186,39465,48878.22,315.17,20.42,5.0,15.76,24.3,24.3,64.36,Delayed 3-6 Months,96,11.7,3,3073.5,3073.5,0.0,255,239,1.22,8.4,7.88,0.52,5.94,128,9.23,1.41
REC_00010,MH01,CR05,2020_K,INS01,37991,9523,47514,36864,60020.9,237.2,16.98,2.0,4.74,17.77,17.77,40.28,Settled on Time,25,13.1,0,1523.3,1412.1,7.3,238,228,3.34,16.95,15.58,1.37,15.58,44,38.68,1.21
REC_00011,MH01,CR08,2020_R,INS01,32913,16196,49109,40525,52324.57,226.04,15.88,1.5,3.39,16.26,16.25,35.9,Settled on Time,36,-2.4,2,1688.0,1688.0,0.0,202,190,1.92,6.17,5.79,0.38,5.79,54,16.13,1.35
REC_00012,MH01,CR09,2020_R,INS01,23908,10606,34514,25828,29038.62,97.22,18.48,1.5,1.46,8.26,8.25,17.97,Delayed 3-6 Months,290,-0.2,23,3127.2,2988.4,4.44,116,108,4.28,2.6,2.34,0.26,2.0,337,11.13,1.13
REC_00013,MH01,CR01,2021_K,INS01,25501,8245,33746,27095,45750.36,207.52,18.04,2.0,4.15,16.64,16.65,37.44,Delayed 3-6 Months,119,0.7,8,1919.0,1796.2,6.4,224,218,2.31,13.48,12.37,1.11,10.43,170,27.86,1.38
REC_00014,MH01,CR02,2021_K,INS01,42415,16091,58506,43004,59500.27,353.43,15.95,2.0,7.07,24.65,24.65,56.37,Delayed 3-6 Months,162,-15.7,14,1773.1,1773.1,0.0,261,238,0.92,5.82,5.44,0.38,3.91,193,6.94,1.29
REC_00015,MH01,CR03,2021_K,INS01,26561,12292,38853,34040,42031.76,281.44,19.51,5.0,14.07,20.42,20.42,54.91,Settled on Time,44,3.9,2,2077.9,2077.9,0.0,225,205,0.56,4.93,4.63,0.3,4.63,73,8.43,1.33
REC_00016,MH01,CR05,2021_K,INS01,16355,7615,23970,19384,28996.69,119.0,16.18,2.0,2.38,8.44,8.43,19.25,Delayed >6 Months,191,-42.3,7,2715.7,1857.0,31.62,160,147,2.19,38.15,35.78,2.37,26.41,234,137.19,1.24
REC_00017,MH01,CR08,2021_R,INS01,28963,8711,37674,29383,45792.5,205.15,16.28,1.5,3.08,15.16,15.16,33.4,Delayed 3-6 Months,255,22.9,7,1525.9,1525.0,0.06,246,236,2.36,4.44,4.12,0.32,3.3,301,9.88,1.43
REC_00018,MH01,CR09,2021_R,INS01,19308,9759,29067,21838,34305.13,119.11,12.39,1.5,1.79,6.48,6.49,14.76,Settled on Time,38,7.1,0,1838.0,1838.0,0.0,138,125,0.88,3.44,3.16,0.28,3.16,67,21.41,1.38
REC_00019,MH01,CR01,2022_K,INS01,22275,10439,32714,27777,29101.73,136.89,18.83,2.0,2.74,11.52,11.52,25.78,Settled on Time,60,-30.2,26,1881.6,1397.5,25.73,114,111,5.51,37.59,34.68,2.91,34.68,91,134.52,1.21
REC_00020,MH01,CR02,2022_K,INS01,41698,12199,53897,46613,59776.16,368.22,12.54,2.0,7.36,19.4,19.41,46.17,Delayed >6 Months,169,7.8,21,2346.9,2346.9,0.0,259,244,1.11,12.43,11.48,0.95,8.27,213,17.91,1.12
REC_00021,MH01,CR03,2022_K,INS01,28995,14534,43529,33784,42476.44,294.96,16.72,5.0,14.75,17.28,17.29,49.32,Settled on Time,29,9.4,6,1402.2,1402.2,0.0,227,219,1.21,6.26,5.93,0.33,5.93,60,12.02,1.43
REC_00022,MH01,CR05,2022_K,INS01,38921,14772,53693,39376,64300.05,273.66,17.34,2.0,5.47,20.99,20.99,47.45,Settled on Time,39,-34.7,42,1422.4,679.2,52.25,293,266,1.06,147.91,136.96,10.95,136.96,65,288.64,1.44
REC_00023,MH01,CR08,2022_R,INS01,24604,12221,36825,27831,33743.53,156.57,18.64,1.5,2.35,13.42,13.41,29.18,Delayed >6 Months,188,-11.0,1,2307.7,2305.9,0.08,131,124,3.75,4.31,3.9,0.41,2.77,226,9.49,1.43
REC_00024,MH01,CR09,2022_R,INS01,40391,17674,58065,44383,59513.19,214.01,13.22,1.5,3.21,12.54,12.54,28.29,Delayed 3-6 Months,266,-53.2,15,1355.5,776.0,42.75,230,227,1.51,95.06,91.18,3.88,82.1,320,290.21,1.43
REC_00025,MH01,CR01,2023_K,INS01,32706,12740,45446,39503,51285.98,249.87,17.96,2.0,5.0,19.94,19.94,44.88,Delayed >6 Months,260,6.2,30,1500.8,1003.6,33.13,243,239,2.25,81.59,78.54,3.05,69.92,314,155.79,1.45
REC_00026,MH01,CR02,2023_K,INS01,42283,20000,62283,54258,64831.84,413.63,17.85,2.0,8.27,32.78,32.78,73.83,Delayed >6 Months,231,-20.6,2,3108.1,2901.1,6.66,283,262,2.64,28.58,26.67,1.91,23.2,276,31.42,1.4
REC_00027,MH01,CR03,2023_K,INS01,27721,13822,41543,32592,42595.34,306.35,16.84,5.0,15.32,18.14,18.13,51.59,Settled on Time,25,11.8,1,1472.7,951.2,35.41,204,195,1.25,110.3,101.81,8.49,101.81,47,197.34,1.32
REC_00028,MH01,CR05,2023_K,INS01,32840,10673,43513,37780,58118.19,256.18,15.34,2.0,5.12,17.09,17.09,39.3,Delayed 3-6 Months,258,-20.1,70,2185.2,1462.1,33.09,281,269,1.83,82.21,78.87,3.34,66.33,293,168.78,1.22
REC_00029,MH01,CR08,2023_R,INS01,40312,18095,58407,43663,59839.42,287.23,13.25,1.5,4.31,16.88,16.87,38.06,Settled on Time,29,-12.7,1,1441.3,1441.3,0.0,275,254,4.44,9.76,8.98,0.78,8.98,45,23.59,1.41
REC_00030,MH01,CR09,2023_R,INS01,49362,17567,66929,56822,61043.62,227.08,17.14,1.5,3.41,17.76,17.75,38.92,Settled on Time,18,-7.5,3,2169.0,2169.0,0.0,266,249,5.45,7.13,6.41,0.72,6.41,43,16.47,1.29
REC_00031,MH02,CR01,2019_K,INS02,13864,4840,18704,14192,20358.6,85.51,13.48,2.0,1.71,4.91,4.91,11.53,Delayed 3-6 Months,175,-1.4,2,1622.9,1622.9,0.0,98,90,1.79,2.13,2.05,0.08,1.68,222,14.57,1.36
REC_00032,MH02,CR02,2019_K,INS02,28657,8008,36665,28528,36582.98,201.21,16.12,2.0,4.02,14.21,14.21,32.44,Settled on Time,19,-32.4,77,2411.5,946.5,60.75,183,168,1.63,120.65,115.59,5.06,115.59,51,356.32,1.13
REC_00033,MH02,CR03,2019_K,INS02,28505,13541,42046,31026,41225.57,255.6,18.38,5.0,12.78,17.1,17.1,46.98,Delayed >6 Months,278,-8.4,1,2537.3,2422.3,4.53,162,154,0.21,5.04,4.78,0.26,3.88,315,8.26,1.14
REC_00034,MH02,CR05,2019_K,INS02,33157,12027,45184,33648,45531.0,173.02,14.97,2.0,3.46,11.22,11.22,25.9,Delayed >6 Months,196,-9.7,2,1468.8,1464.7,0.28,246,243,4.47,5.68,5.23,0.45,4.2,238,16.22,1.22
REC_00035,MH02,CR08,2019_R,INS02,36197,14467,50664,37485,61476.46,255.74,16.72,1.5,3.84,19.46,19.46,42.76,Settled on Time,56,3.6,5,2883.7,2883.7,0.0,321,312,1.48,7.66,7.18,0.48,7.18,78,16.79,1.41
REC_00036,MH02,CR09,2019_R,INS02,20487,5623,26110,20373,34622.26,111.62,14.84,1.5,1.67,7.44,7.45,16.56,Delayed 3-6 Months,158,20.9,4,1664.4,1664.4,0.0,137,128,3.51,4.26,3.93,0.33,3.04,192,18.36,1.38
REC_00037,MH02,CR01,2020_K,INS02,30264,11583,41847,35409,46003.64,200.94,12.66,2.0,4.02,10.71,10.71,25.44,Settled on Time,49,-17.6,24,1267.1,1267.1,0.0,203,197,1.13,7.11,6.85,0.26,6.85,71,26.93,1.38
REC_00038,MH02,CR02,2020_K,INS02,16818,5750,22568,18848,22495.87,128.68,16.09,2.0,2.57,9.06,9.07,20.7,Delayed 3-6 Months,244,9.4,2,1891.4,1678.4,11.26,115,113,0.13,14.05,13.2,0.85,10.71,292,51.74,1.11
REC_00039,MH02,CR03,2020_K,INS02,33312,10143,43455,36131,58606.2,377.89,22.06,5.0,18.89,32.24,32.23,83.36,Delayed 3-6 Months,130,-12.2,15,2413.4,2345.1,2.83,273,264,0.76,5.19,4.76,0.43,4.24,175,5.09,1.31
REC_00040,MH02,CR05,2020_K,INS02,28348,7080,35428,30059,34950.14,138.12,11.63,2.0,2.76,6.65,6.65,16.06,Delayed 3-6 Months,107,-16.2,13,3039.7,3039.7,0.0,168,157,0.89,1.96,1.88,0.08,1.52,149,9.46,1.42
REC_00041,MH02,CR08,2020_R,INS02,21390,9421,30811,22248,33119.69,143.08,16.24,1.5,2.15,10.54,10.55,23.24,Settled on Time,24,-2.8,0,3193.7,3193.7,0.0,150,143,2.02,2.31,2.21,0.1,2.21,39,9.51,1.27
REC_00042,MH02,CR09,2020_R,INS02,34888,16556,51444,40770,43242.06,144.77,15.27,1.5,2.17,9.97,9.97,22.11,Delayed >6 Months,203,-35.4,14,1510.5,1137.2,24.71,222,217,1.48,35.88,34.72,1.16,25.5,254,115.33,1.33
REC_00043,MH02,CR01,2021_K,INS02,12267,4232,16499,13652,16354.8,74.19,11.74,2.0,1.48,3.62,3.61,8.71,Delayed 3-6 Months,247,-13.2,3,2505.5,2505.5,0.0,82,75,4.49,1.63,1.49,0.14,1.11,285,12.74,1.41
REC_00044,MH02,CR02,2021_K,INS02,12507,4245,16752,12132,15650.1,92.96,12.87,2.0,1.86,5.05,5.05,11.96,Settled on Time,48,-45.1,40,2834.9,1122.3,60.41,75,69,6.94,56.34,51.5,4.84,51.5,71,430.6,1.2
REC_00045,MH02,CR03,2021_K,INS02,37645,12172,49817,42790,62422.67,417.98,19.01,5.0,20.9,29.28,29.28,79.46,Delayed 3-6 Months,97,-12.9,9,1244.9,1233.7,0.9,309,294,0.34,16.52,15.56,0.96,11.48,135,14.45,1.11
REC_00046,MH02,CR05,2021_K,INS02,47782,20412,68194,52089,60714.94,249.17,15.48,2.0,4.98,16.8,16.79,38.57,Settled on Time,22,3.5,1,1222.0,1187.3,2.84,317,311,1.8,3.8,3.47,0.33,3.47,45,9.0,1.23
REC_00047,MH02,CR08,2021_R,INS02,33338,10987,44325,37148,40945.89,183.44,12.18,1.5,2.75,9.8,9.79,22.34,Settled on Time,49,-23.8,8,1777.4,1341.2,24.54,196,189,5.04,48.25,43.95,4.3,43.95,68,196.73,1.11
REC_00048,MH02,CR09,2021_R,INS02,18055,5456,23511,18795,28113.2,97.61,15.78,1.5,1.46,6.97,6.97,15.4,Settled on Time,56,22.7,0,1350.3,1350.3,0.0,117,111,0.63,3.32,3.09,0.23,3.09,76,20.06,1.31
REC_00049,MH02,CR01,2022_K,INS02,26334,13386,39720,29467,33048.69,155.46,18.25,2.0,3.11,12.63,12.63,28.37,Delayed 3-6 Months,135,-21.7,14,2945.9,2341.4,20.52,138,134,3.36,32.34,30.67,1.67,28.13,193,99.15,1.11
REC_00050,MH02,CR02,2022_K,INS02,28646,9538,38184,30962,50278.76,309.72,18.01,2.0,6.19,24.8,24.79,55.78,Settled on Time,31,10.0,24,3088.5,3088.5,0.0,230,225,0.99,8.64,8.27,0.37,8.27,48,14.83,1.13
REC_00051,MH02,CR03,2022_K,INS02,35482,16410,51892,37904,49814.44,345.91,17.81,5.0,17.3,22.16,22.15,61.61,Settled on Time,26,28.0,2,2451.8,2422.9,1.18,198,189,1.54,13.81,13.09,0.72,13.09,56,21.25,1.24
REC_00052,MH02,CR05,2022_K,INS02,24734,12315,37049,32508,38993.78,165.96,16.98,2.0,3.32,12.43,12.43,28.18,Settled on Time,21,-28.3,24,1677.6,1337.5,20.27,206,193,1.04,32.04,29.21,2.83,29.21,44,103.66,1.23
REC_00053,MH02,CR08,2022_R,INS02,36802,18993,55795,47192,48982.36,227.28,12.23,1.5,3.41,12.2,12.19,27.8,Settled on Time,34,2.7,20,2134.8,2134.8,0.0,213,196,1.94,3.85,3.68,0.17,3.68,53,13.24,1.17
REC_00054,MH02,CR09,2022_R,INS02,38281,11628,49909,43673,53979.22,194.11,17.79,1.5,2.91,15.81,15.81,34.53,Settled on Time,47,-21.7,25,2592.0,2093.6,19.23,280,273,1.3,38.28,36.91,1.37,36.91,79,106.89,1.19
REC_00055,MH02,CR01,2023_K,INS02,12390,6411,18801,16130,21475.75,104.63,17.27,2.0,2.09,7.99,7.99,18.07,Delayed 3-6 Months,290,-3.1,0,2016.9,1093.4,45.79,106,102,0.88,45.99,42.33,3.66,34.24,334,189.49,1.31
REC_00056,MH02,CR02,2023_K,INS02,39919,18018,57937,46958,56234.05,358.77,13.47,2.0,7.18,20.58,20.57,48.33,Delayed >6 Months,230,-10.7,19,2901.2,1725.9,40.51,237,231,2.91,141.07,128.44,12.63,114.54,260,237.0,1.39
REC_00057,MH02,CR03,2023_K,INS02,15305,7146,22451,16742,21443.49,154.22,21.33,5.0,7.71,12.6,12.59,32.9,Settled on Time,53,-14.5,0,1774.1,996.3,43.84,82,78,4.9,65.17,59.29,5.88,59.29,78,180.21,1.44
REC_00058,MH02,CR05,2023_K,INS02,20317,10398,30715,22618,32093.61,141.47,18.16,2.0,2.83,11.43,11.43,25.69,Delayed 3-6 Months,187,-23.0,6,2616.3,2071.9,20.81,173,165,6.26,31.69,28.26,3.43,24.44,220,95.13,1.37
REC_00059,MH02,CR08,2023_R,INS02,13376,4909,18285,14594,16229.35,77.9,16.99,1.5,1.17,6.04,6.03,13.24,Settled on Time,34,-8.0,2,3194.2,2833.6,11.29,75,70,3.18,8.45,7.79,0.66,7.79,62,58.84,1.2
REC_00060,MH02,CR09,2023_R,INS02,48459,19039,67498,58789,62543.18,232.66,14.54,1.5,3.49,15.17,15.17,33.83,Delayed 3-6 Months,240,-20.1,5,3168.0,2311.3,27.04,293,287,1.28,62.78,57.63,5.15,46.34,299,136.98,1.16
REC_00061,MH03,CR01,2019_K,INS01,35073,14585,49658,42465,58431.16,245.41,16.78,2.0,4.91,18.14,18.13,41.18,Settled on Time,20,-15.0,0,3041.7,2982.7,1.94,254,247,0.7,5.62,5.4,0.22,5.4,44,13.11,1.12
REC_00062,MH03,CR02,2019_K,INS01,32392,13712,46104,35484,44098.57,242.54,14.64,2.0,4.85,15.33,15.33,35.51,Settled on Time,19,-6.1,6,1783.3,1783.3,0.0,187,183,0.76,3.46,3.26,0.2,3.26,46,9.18,1.35
REC_00063,MH03,CR03,2019_K,INS01,35644,10386,46030,36954,42982.43,266.49,16.07,5.0,13.32,14.75,14.75,42.82,Settled on Time,49,-2.8,0,1993.8,1993.8,0.0,225,214,3.21,3.5,3.23,0.27,3.23,78,7.54,1.11
REC_00064,MH03,CR05,2019_K,INS01,50204,17649,67853,56552,61810.61,234.88,17.55,2.0,4.7,18.26,18.26,41.22,Settled on Time,23,18.1,2,2829.7,2721.8,3.81,331,324,4.24,6.06,5.54,0.52,5.54,39,13.44,1.12
REC_00065,MH03,CR08,2019_R,INS01,21111,7969,29080,21957,27355.16,113.8,18.28,1.5,1.71,9.54,9.55,20.8,Settled on Time,50,-16.6,28,2517.4,2517.4,0.0,124,118,4.59,1.38,1.32,0.06,1.32,70,6.35,1.26
REC_00066,MH03,CR09,2019_R,INS01,35698,12378,48076,37887,58413.63,188.33,13.87,1.5,2.82,11.65,11.65,26.12,Delayed 3-6 Months,250,12.2,3,3175.3,3175.3,0.0,245,232,6.1,5.23,4.69,0.54,3.5,298,13.4,1.32
REC_00067,MH03,CR01,2020_K,INS01,40389,13747,54136,46851,51655.65,225.63,12.71,2.0,4.51,12.08,12.09,28.68,Delayed 3-6 Months,233,17.9,1,3142.8,3081.8,1.94,235,218,1.21,6.27,6.02,0.25,4.73,292,16.49,1.19
REC_00068,MH03,CR02,2020_K,INS01,34288,12140,46428,34400,47836.83,273.63,18.24,2.0,5.47,22.22,22.22,49.91,Settled on Time,59,-49.3,10,1672.1,1197.2,28.4,194,183,1.56,75.52,73.0,2.52,73.0,88,146.26,1.33
REC_00069,MH03,CR03,2020_K,INS01,22696,8210,30906,25146,38731.54,249.74,21.53,5.0,12.49,20.64,20.64,53.77,Delayed 3-6 Months,266,17.3,1,1423.8,1423.8,0.0,174,171,2.0,4.87,4.56,0.31,3.23,300,6.01,1.45
REC_00070,MH03,CR05,2020_K,INS01,52583,20850,73433,60380,63255.93,249.99,17.53,2.0,5.0,19.41,19.41,43.82,Delayed 3-6 Months,227,-16.6,10,2231.2,1951.6,12.53,330,301,2.41,33.71,32.35,1.36,27.43,270,62.6,1.4
REC_00071,MH03,CR08,2020_R,INS01,14767,5455,20222,17616,23857.49,103.06,16.23,1.5,1.55,7.59,7.59,16.73,Delayed 3-6 Months,111,13.6,4,2435.7,2406.2,1.21,130,127,5.23,2.25,2.06,0.19,1.49,160,8.91,1.45
REC_00072,MH03,CR09,2020_R,INS01,9746,2600,12346,10609,17410.6,58.29,16.93,1.5,0.87,4.5,4.5,9.87,Delayed 3-6 Months,153,14.0,5,2676.9,2676.9,0.0,84,80,3.09,2.01,1.92,0.09,1.57,183,15.91,1.21
REC_00073,MH03,CR01,2021_K,INS01,23177,7776,30953,24210,33323.08,151.15,14.59,2.0,3.02,9.52,9.51,22.05,Delayed 3-6 Months,276,-3.6,1,1946.5,1754.8,9.85,145,137,3.77,14.19,13.33,0.86,10.45,317,47.39,1.3
REC_00074,MH03,CR02,2021_K,INS01,26637,9377,36014,30614,41680.13,247.58,16.48,2.0,4.95,17.92,17.93,40.8,Delayed 3-6 Months,103,5.3,21,1236.5,1180.2,4.55,208,204,2.6,6.08,5.77,0.31,4.4,142,10.78,1.38
REC_00075,MH03,CR03,2021_K,INS01,30255,9538,39793,33210,41958.06,280.95,17.36,5.0,14.05,17.36,17.36,48.77,Settled on Time,19,-5.0,3,1443.8,1396.1,3.3,215,204,0.71,10.93,10.31,0.62,10.31,50,21.14,1.29
REC_00076,MH03,CR05,2021_K,INS01,10868,4308,15176,12387,17170.63,70.47,17.18,2.0,1.41,5.35,5.35,12.11,Delayed 3-6 Months,219,-31.9,38,1656.2,958.6,42.12,80,78,0.76,29.26,27.0,2.26,21.42,269,176.88,1.13
REC_00077,MH03,CR08,2021_R,INS01,31401,9722,41123,30714,46192.97,206.94,16.61,1.5,3.1,15.64,15.63,34.37,Delayed 3-6 Months,241,-10.5,35,1633.5,1513.4,7.35,206,191,5.2,14.72,13.43,1.29,10.6,283,30.84,1.35
REC_00078,MH03,CR09,2021_R,INS01,27648,5545,33193,24451,49621.81,172.29,16.52,1.5,2.58,12.94,12.94,28.46,Settled on Time,30,48.4,6,1748.3,1723.1,1.44,238,217,0.94,5.09,4.78,0.31,4.78,51,16.8,1.22
REC_00079,MH03,CR01,2022_K,INS01,26982,8837,35819,28986,48474.35,228.02,16.56,2.0,4.56,16.6,16.6,37.76,Settled on Time,41,-26.0,11,1320.3,960.5,27.25,249,240,2.82,65.14,61.42,3.72,61.42,69,162.66,1.38
REC_00080,MH03,CR02,2022_K,INS01,45763,12128,57891,43093,61358.89,377.97,18.4,2.0,7.56,31.0,30.99,69.55,Delayed 3-6 Months,205,3.5,18,2279.9,2269.7,0.45,266,243,4.13,11.82,11.3,0.52,8.66,242,12.45,1.23
REC_00081,MH03,CR03,2022_K,INS01,10998,3319,14317,11008,19382.14,134.59,18.23,5.0,6.73,8.9,8.91,24.54,Settled on Time,41,-0.7,4,2401.2,2280.6,5.02,88,87,1.98,7.19,6.58,0.61,6.58,72,26.81,1.38
REC_00082,MH03,CR05,2022_K,INS01,24215,6438,30653,22921,30233.96,128.68,16.31,2.0,2.57,9.21,9.21,20.99,Settled on Time,18,0.2,2,3151.2,2945.8,6.52,158,154,1.43,8.16,7.66,0.5,7.66,40,36.49,1.15
REC_00083,MH03,CR08,2022_R,INS01,26897,4737,31634,23460,33376.72,154.87,18.19,1.5,2.32,12.92,12.93,28.17,Settled on Time,56,-20.4,14,3131.6,2815.7,10.09,151,142,1.67,16.17,15.51,0.66,15.51,72,55.06,1.37
REC_00084,MH03,CR09,2022_R,INS01,30763,12513,43276,31558,37990.02,136.61,16.32,1.5,2.05,10.12,10.12,22.29,Delayed 3-6 Months,181,-4.2,28,1678.4,1678.4,0.0,161,147,2.6,3.53,3.31,0.22,2.41,237,10.81,1.26
REC_00085,MH03,CR01,2023_K,INS01,17408,4675,22083,18823,24731.13,120.49,16.59,2.0,2.41,8.79,8.79,19.99,Settled on Time,21,1.4,10,1222.1,833.3,31.81,123,119,3.19,37.61,33.99,3.62,33.99,52,170.04,1.44
REC_00086,MH03,CR02,2023_K,INS01,31119,9348,40467,32078,39392.7,251.33,17.36,2.0,5.03,19.3,19.3,43.63,Delayed 3-6 Months,209,-11.7,1,2176.5,1338.3,38.51,180,169,0.53,103.97,96.25,7.72,74.05,259,169.72,1.25
REC_00087,MH03,CR03,2023_K,INS01,16270,2914,19184,16580,27733.53,199.46,18.68,5.0,9.97,13.64,13.65,37.26,Delayed 3-6 Months,213,-18.8,18,2518.7,1341.0,46.76,149,141,4.86,89.11,84.7,4.41,72.64,245,194.95,1.12
REC_00088,MH03,CR05,2023_K,INS01,8797,3039,11836,9190,15605.42,68.79,13.53,2.0,1.38,3.96,3.97,9.31,Delayed >6 Months,208,16.0,3,2749.3,1817.0,33.91,83,79,0.98,23.32,22.36,0.96,16.25,256,174.54,1.37
REC_00089,MH03,CR08,2023_R,INS01,31086,5594,36680,32093,47195.21,226.54,17.04,1.5,3.4,17.6,17.6,38.6,Settled on Time,50,-11.6,6,3159.9,2884.1,8.73,196,191,5.94,19.37,17.99,1.38,17.99,73,46.61,1.25
REC_00090,MH03,CR09,2023_R,INS01,25849,5875,31724,23458,45646.98,169.81,12.83,1.5,2.55,9.62,9.62,21.79,Delayed >6 Months,233,-13.1,39,2491.6,2363.1,5.16,183,178,0.89,9.28,8.61,0.67,7.5,282,34.42,1.16
REC_00091,MH04,CR01,2019_K,INS02,23593,10911,34504,25081,42251.35,177.46,12.9,2.0,3.55,9.67,9.67,22.89,Settled on Time,20,-12.6,2,2652.0,2652.0,0.0,191,186,1.61,3.36,3.14,0.22,3.14,48,13.72,1.41
REC_00092,MH04,CR02,2019_K,INS02,28258,6918,35176,27924,46814.57,257.48,11.82,2.0,5.15,12.64,12.64,30.43,Settled on Time,30,21.4,1,2652.9,2447.9,7.73,238,227,2.06,20.94,19.55,1.39,19.55,45,64.25,1.37
REC_00093,MH04,CR03,2019_K,INS02,10176,2612,12788,11167,16765.57,103.95,18.33,5.0,5.2,6.92,6.93,19.05,Delayed 3-6 Months,149,10.0,2,1497.8,1432.9,4.33,64,60,1.19,2.26,2.14,0.12,1.83,179,9.61,1.32
REC_00094,MH04,CR05,2019_K,INS02,19549,4418,23967,19511,32774.65,124.54,15.12,2.0,2.49,8.17,8.17,18.83,Settled on Time,18,8.1,7,1329.7,1206.7,9.25,145,138,6.74,11.69,11.03,0.66,11.03,34,58.58,1.22
REC_00095,MH04,CR08,2019_R,INS02,33389,11942,45331,36390,54244.85,225.66,14.83,1.5,3.38,15.04,15.05,33.47,Delayed 3-6 Months,194,16.9,1,1856.4,1856.4,0.0,274,262,2.49,7.58,7.26,0.32,5.74,249,17.15,1.23
REC_00096,MH04,CR09,2019_R,INS02,28076,6005,34081,26513,43593.61,140.55,14.09,1.5,2.11,8.85,8.84,19.8,Delayed >6 Months,211,35.4,0,1248.4,1248.4,0.0,196,183,3.83,4.96,4.7,0.26,4.12,254,20.81,1.27
REC_00097,MH04,CR01,2020_K,INS02,17361,5959,23320,18642,21674.0,94.67,14.81,2.0,1.89,6.06,6.07,14.02,Delayed >6 Months,282,-26.7,23,2731.0,1874.8,31.35,113,109,0.65,29.15,26.76,2.39,20.2,320,144.08,1.37
REC_00098,MH04,CR02,2020_K,INS02,22500,4175,26675,21286,37486.99,214.43,11.99,2.0,4.29,10.71,10.71,25.71,Settled on Time,50,-1.7,0,3012.9,2994.5,0.61,176,165,0.59,2.48,2.35,0.13,2.35,70,9.14,1.36
REC_00099,MH04,CR03,2020_K,INS02,47318,15411,62729,47153,64064.85,413.09,19.71,5.0,20.65,30.38,30.39,81.42,Settled on Time,46,11.3,4,3144.0,3144.0,0.0,338,311,3.52,10.62,10.13,0.49,10.13,78,12.44,1.35
REC_00100,MH04,CR05,2020_K,INS02,11314,3386,14700,10776,18383.42,72.65,14.96,2.0,1.45,4.71,4.71,10.87,Delayed 3-6 Months,109,-6.1,4,1531.5,1531.5,0.0,86,82,5.87,1.73,1.64,0.09,1.43,145,13.16,1.19
REC_00101,MH04,CR08,2020_R,INS02,16618,7812,24430,19619,23235.32,100.38,13.18,1.5,1.51,5.86,5.86,13.23,Delayed 3-6 Months,286,-11.1,37,2959.2,2959.2,0.0,107,105,2.23,2.5,2.4,0.1,2.03,340,15.34,1.23
REC_00102,MH04,CR09,2020_R,INS02,30236,10234,40470,32527,53780.59,180.06,13.76,1.5,2.7,11.04,11.04,24.78,Delayed 3-6 Months,217,0.6,11,2355.2,2187.3,7.13,254,249,2.53,12.73,11.63,1.1,10.46,255,42.21,1.44
REC_00103,MH04,CR01,2021_K,INS02,16678,5567,22245,19198,22035.58,99.95,16.33,2.0,2.0,7.16,7.16,16.32,Delayed >6 Months,135,-30.2,2,2080.6,1684.5,19.04,87,84,2.37,19.73,18.3,1.43,13.48,191,82.6,1.25
REC_00104,MH04,CR02,2021_K,INS02,19139,8100,27239,21910,23111.67,137.28,16.79,2.0,2.75,10.15,10.15,23.05,Delayed 3-6 Months,142,-6.9,15,1358.8,1358.8,0.0,92,89,4.07,4.76,4.43,0.33,3.45,186,14.97,1.39
REC_00105,MH04,CR03,2021_K,INS02,24351,11188,35539,30284,31760.4,212.67,16.45,5.0,10.63,12.18,12.17,34.98,Delayed 3-6 Months,155,5.5,1,1483.9,1483.9,0.0,132,126,0.08,8.37,7.84,0.53,5.71,205,16.32,1.21
REC_00106,MH04,CR05,2021_K,INS02,39714,13170,52884,45317,49316.36,202.39,13.34,2.0,4.05,11.48,11.47,27.0,Delayed >6 Months,240,-22.8,32,1758.6,1087.5,38.16,223,208,3.35,81.06,74.11,6.95,62.72,277,232.3,1.42
REC_00107,MH04,CR08,2021_R,INS02,31593,9996,41589,32918,48536.62,217.44,14.97,1.5,3.26,14.64,14.65,32.55,Delayed 3-6 Months,253,5.2,13,2293.3,2258.4,1.52,257,242,1.7,7.77,7.39,0.38,6.65,305,20.43,1.38
REC_00108,MH04,CR09,2021_R,INS02,8944,4140,13084,10058,15900.33,55.21,17.56,1.5,0.83,4.43,4.43,9.69,Delayed >6 Months,239,5.4,2,2945.5,2885.4,2.04,71,65,1.09,1.54,1.47,0.07,1.13,291,11.66,1.12
REC_00109,MH04,CR01,2022_K,INS02,35144,15777,50921,41496,60144.75,282.92,18.0,2.0,5.66,22.64,22.63,50.93,Settled on Time,31,-3.5,1,1357.9,1298.1,4.41,329,314,1.06,9.89,9.25,0.64,9.25,48,18.16,1.13
REC_00110,MH04,CR02,2022_K,INS02,37764,18405,56169,48341,60481.34,372.57,15.75,2.0,7.45,25.62,25.61,58.68,Delayed >6 Months,156,22.9,5,2060.9,2060.9,0.0,250,239,7.69,11.58,10.77,0.81,8.75,189,14.91,1.23
REC_00111,MH04,CR03,2022_K,INS02,24748,12775,37523,30622,39383.35,273.48,20.96,5.0,13.67,21.82,21.83,57.32,Delayed 3-6 Months,260,43.2,0,1708.8,1613.8,5.56,188,178,3.38,15.0,14.24,0.76,11.59,290,20.22,1.1
REC_00112,MH04,CR05,2022_K,INS02,21237,6704,27941,21632,25953.44,110.46,17.37,2.0,2.21,8.49,8.49,19.19,Delayed 3-6 Months,287,10.6,2,3063.5,2561.4,16.39,122,111,0.76,19.26,18.15,1.11,15.51,346,80.82,1.15
REC_00113,MH04,CR08,2022_R,INS02,20001,7808,27809,21851,28736.58,133.34,18.1,1.5,2.0,11.06,11.07,24.13,Settled on Time,15,-1.1,2,2847.6,2585.9,9.19,112,109,2.69,12.25,11.48,0.77,11.48,37,47.58,1.14
REC_00114,MH04,CR09,2022_R,INS02,21776,6683,28459,20855,35947.39,129.27,14.23,1.5,1.94,8.23,8.23,18.4,Delayed >6 Months,120,-12.0,20,1923.8,1872.9,2.65,158,143,3.03,4.1,3.92,0.18,3.52,151,19.13,1.29
REC_00115,MH04,CR01,2023_K,INS02,18315,7150,25465,19536,22106.86,107.7,15.15,2.0,2.15,7.08,7.09,16.32,Delayed 3-6 Months,162,-24.9,2,2317.3,1853.1,20.03,106,102,3.35,22.38,21.15,1.23,16.23,215,99.45,1.26
REC_00116,MH04,CR02,2023_K,INS02,32430,16023,48453,41992,54919.02,350.38,14.77,2.0,7.01,22.37,22.37,51.75,Delayed 3-6 Months,112,-0.7,3,2402.1,1764.1,26.56,233,219,2.41,92.59,88.53,4.06,62.47,161,120.71,1.32
REC_00117,MH04,CR03,2023_K,INS02,25767,9984,35751,27520,32030.21,230.36,20.49,5.0,11.52,17.84,17.84,47.2,Settled on Time,38,-44.3,4,3176.1,1827.5,42.46,148,142,2.78,105.18,98.95,6.23,98.95,53,209.64,1.11
REC_00118,MH04,CR05,2023_K,INS02,26542,7844,34386,28918,34399.34,151.63,14.96,2.0,3.03,9.82,9.83,22.68,Delayed 3-6 Months,234,-4.9,0,3111.8,2135.7,31.37,137,131,0.57,46.14,43.35,2.79,35.51,286,156.57,1.39
REC_00119,MH04,CR08,2023_R,INS02,26800,9426,36226,27210,37022.07,177.71,12.15,1.5,2.67,9.46,9.46,21.59,Settled on Time,54,-20.7,61,2315.4,1511.3,34.73,178,170,2.48,61.86,56.01,5.85,56.01,86,259.43,1.32
REC_00120,MH04,CR09,2023_R,INS02,27644,9341,36985,28967,43468.87,161.7,12.03,1.5,2.43,8.51,8.51,19.45,Settled on Time,56,49.6,1,3128.1,3128.1,0.0,171,165,3.89,2.22,2.02,0.2,2.02,76,10.39,1.41
REC_00121,MH05,CR01,2019_K,INS03,48245,15899,64144,56251,62202.1,261.25,15.08,2.0,5.22,17.09,17.09,39.4,Settled on Time,57,6.6,3,1771.6,1660.3,6.28,316,306,5.2,17.43,15.61,1.82,15.61,80,39.62,1.39
REC_00122,MH05,CR02,2019_K,INS03,34470,16121,50591,38048,53226.39,292.75,12.46,2.0,5.86,15.31,15.31,36.48,Settled on Time,34,-1.5,13,2986.2,2783.1,6.8,287,281,3.04,20.78,19.14,1.64,19.14,51,52.47,1.2
REC_00123,MH05,CR03,2019_K,INS03,19573,5442,25015,18854,32935.78,204.2,22.4,5.0,10.21,17.76,17.77,45.74,Settled on Time,21,-5.0,0,3195.6,3012.9,5.72,161,146,2.47,12.24,11.25,0.99,11.25,49,24.6,1.37
REC_00124,MH05,CR05,2019_K,INS03,36537,8213,44750,35711,57296.07,217.73,12.24,2.0,4.35,11.15,11.15,26.65,Settled on Time,23,14.9,3,2014.2,2014.2,0.0,303,295,2.39,5.45,5.0,0.45,5.0,52,18.76,1.12
REC_00125,MH05,CR08,2019_R,INS03,12932,3107,16039,12144,18645.09,77.56,13.67,1.5,1.16,4.72,4.72,10.6,Delayed >6 Months,285,5.8,11,3058.5,2906.1,4.98,90,85,1.64,1.61,1.5,0.11,1.09,341,10.28,1.28
REC_00126,MH05,CR09,2019_R,INS03,24148,7695,31843,23292,37467.49,120.8,16.48,1.5,1.81,9.05,9.05,19.91,Delayed 3-6 Months,249,2.4,1,2627.9,2552.7,2.86,167,158,3.56,2.24,2.13,0.11,1.79,280,8.99,1.36
REC_00127,MH05,CR01,2020_K,INS03,25731,7504,33235,24178,30879.34,134.88,13.63,2.0,2.7,7.84,7.84,18.38,Delayed 3-6 Months,270,18.0,8,1325.4,1259.8,4.95,150,137,0.67,4.54,4.17,0.37,3.32,327,18.06,1.23
REC_00128,MH05,CR02,2020_K,INS03,50418,16814,67232,53719,63203.92,361.53,14.41,2.0,7.23,22.44,22.43,52.1,Delayed 3-6 Months,220,-6.8,7,2607.7,2456.7,5.79,245,237,5.64,22.01,20.11,1.9,14.29,260,27.43,1.43
REC_00129,MH05,CR03,2020_K,INS03,27417,7647,35064,26417,40020.06,258.05,18.28,5.0,12.9,17.14,17.13,47.17,Delayed >6 Months,108,21.1,3,1304.7,1304.7,0.0,162,158,5.2,4.25,3.88,0.37,3.23,146,6.85,1.15
REC_00130,MH05,CR05,2020_K,INS03,28957,7097,36054,29678,47581.99,188.04,14.47,2.0,3.76,11.72,11.73,27.21,Delayed 3-6 Months,165,39.9,8,1598.4,1582.9,0.97,227,207,5.1,1.96,1.83,0.13,1.42,195,5.22,1.14
REC_00131,MH05,CR08,2020_R,INS03,23856,9213,33069,26618,35682.13,154.15,15.87,1.5,2.31,11.08,11.07,24.46,Delayed 3-6 Months,128,4.1,0,2128.2,2125.4,0.13,152,142,2.83,2.12,2.04,0.08,1.77,182,7.24,1.14
REC_00132,MH05,CR09,2020_R,INS03,23360,8405,31765,26800,28279.14,94.68,15.33,1.5,1.42,6.54,6.55,14.51,Delayed 3-6 Months,284,29.9,2,1943.5,1924.2,0.99,114,103,1.68,2.08,1.98,0.1,1.41,320,9.72,1.19
REC_00133,MH05,CR01,2021_K,INS03,23782,9578,33360,24327,39203.85,177.83,18.4,2.0,3.56,14.58,14.58,32.72,Delayed >6 Months,238,-2.8,20,2770.4,2766.8,0.13,152,139,2.9,5.1,4.67,0.43,3.86,272,11.8,1.38
REC_00134,MH05,CR02,2021_K,INS03,32659,14711,47370,36076,46797.74,277.98,14.12,2.0,5.56,16.84,16.85,39.25,Delayed 3-6 Months,271,-25.8,44,1781.0,1017.5,42.87,197,180,2.66,121.42,115.32,6.1,93.42,321,238.01,1.13
REC_00135,MH05,CR03,2021_K,INS03,17061,6814,23875,19277,28735.19,192.41,18.73,5.0,9.62,13.21,13.21,36.04,Settled on Time,49,-17.8,0,1531.5,1531.5,0.0,156,152,1.37,7.47,7.15,0.32,7.15,83,19.84,1.45
REC_00136,MH05,CR05,2021_K,INS03,28281,12034,40315,30700,50586.14,207.61,14.76,2.0,4.15,13.24,13.25,30.64,Delayed 3-6 Months,236,-8.3,6,1346.2,1333.0,0.98,259,252,1.8,3.08,2.89,0.19,2.48,273,8.09,1.32
REC_00137,MH05,CR08,2021_R,INS03,37245,15810,53055,44749,48330.02,216.52,15.19,1.5,3.25,14.82,14.82,32.89,Delayed 3-6 Months,173,2.3,0,1218.1,1172.9,3.71,243,233,1.27,2.78,2.62,0.16,1.85,217,5.62,1.33
REC_00138,MH05,CR09,2021_R,INS03,15236,5861,21097,18293,20925.13,72.65,18.65,1.5,1.09,6.23,6.23,13.55,Settled on Time,17,-6.1,0,2722.0,2722.0,0.0,87,85,0.12,1.96,1.87,0.09,1.87,45,13.8,1.18
REC_00139,MH05,CR01,2022_K,INS03,14037,4410,18447,14775,24579.65,115.62,13.25,2.0,2.31,6.5,6.51,15.32,Settled on Time,28,5.9,2,3100.9,3100.9,0.0,108,102,1.44,2.38,2.18,0.2,2.18,61,14.23,1.41
REC_00140,MH05,CR02,2022_K,INS03,21563,8697,30260,24196,35972.4,221.59,13.13,2.0,4.43,12.33,12.33,29.09,Settled on Time,57,-20.5,7,2910.1,2317.6,20.36,183,167,1.61,46.7,44.81,1.89,44.81,89,154.04,1.29
REC_00141,MH05,CR03,2022_K,INS03,20014,5983,25997,19249,29123.62,202.23,21.06,5.0,10.11,16.24,16.24,42.59,Delayed >6 Months,199,-17.3,0,2033.1,2033.1,0.0,112,103,2.84,6.45,5.84,0.61,4.38,248,10.28,1.36
REC_00142,MH05,CR05,2022_K,INS03,39503,14303,53806,41540,57421.27,244.38,16.69,2.0,4.89,17.95,17.95,40.79,Settled on Time,24,-11.5,30,1563.2,1489.8,4.7,234,231,1.03,3.02,2.83,0.19,2.83,53,6.94,1.16
REC_00143,MH05,CR08,2022_R,INS03,34853,18006,52859,38417,54031.59,250.71,13.56,1.5,3.76,15.12,15.12,34.0,Settled on Time,30,-46.0,16,1793.1,955.4,46.72,287,272,2.9,121.89,112.2,9.69,112.2,54,330.0,1.42
REC_00144,MH05,CR09,2022_R,INS03,30371,15036,45407,34684,49729.77,178.83,17.35,1.5,2.68,14.18,14.17,31.03,Settled on Time,26,-18.3,3,1890.7,1840.8,2.64,208,198,6.69,6.01,5.43,0.58,5.43,48,17.5,1.11
REC_00145,MH05,CR01,2023_K,INS03,47188,21587,68775,60194,56949.87,277.46,14.76,2.0,5.55,17.7,17.7,40.95,Settled on Time,16,-16.3,4,2609.7,1535.1,41.18,309,293,2.22,116.75,110.01,6.74,110.01,33,268.64,1.4
REC_00146,MH05,CR02,2023_K,INS03,16497,5922,22419,19267,22863.66,145.87,16.41,2.0,2.92,10.51,10.51,23.94,Delayed >6 Months,200,-10.2,28,1700.9,960.7,43.52,90,81,2.37,62.84,59.34,3.5,49.65,240,207.39,1.36
REC_00147,MH05,CR03,2023_K,INS03,28385,13526,41911,32092,35226.37,253.35,18.73,5.0,12.67,17.39,17.39,47.45,Settled on Time,30,-26.5,20,1864.9,1362.5,26.94,137,131,1.82,71.5,68.75,2.75,68.75,50,144.89,1.2
REC_00148,MH05,CR05,2023_K,INS03,20467,6264,26731,21464,36600.95,161.34,12.96,2.0,3.23,8.84,8.84,20.91,Delayed >6 Months,122,-5.6,24,1426.6,864.8,39.38,171,160,4.86,62.58,58.72,3.86,49.59,181,237.16,1.31
REC_00149,MH05,CR08,2023_R,INS03,15135,7816,22951,17616,18848.97,90.48,12.34,1.5,1.36,4.9,4.91,11.17,Settled on Time,17,-9.9,6,2447.3,2447.3,0.0,104,102,2.52,1.75,1.66,0.09,1.66,43,14.86,1.4
REC_00150,MH05,CR09,2023_R,INS03,49334,16124,65458,57024,62336.69,231.89,16.86,1.5,3.48,17.81,17.81,39.1,Settled on Time,29,20.2,15,1605.3,1444.9,9.99,265,249,5.09,24.89,23.17,1.72,23.17,60,59.26,1.17
REC_00151,MH06,CR01,2019_K,INS01,27221,6220,33441,24122,48623.02,204.22,14.29,2.0,4.08,12.55,12.55,29.18,Delayed >6 Months,184,11.3,0,2696.8,2696.8,0.0,242,228,3.45,5.95,5.63,0.32,4.83,216,16.55,1.17
REC_00152,MH06,CR02,2019_K,INS01,35827,7303,43130,32767,58873.5,323.8,12.75,2.0,6.48,17.4,17.4,41.28,Delayed >6 Months,153,0.4,2,1695.1,1695.1,0.0,246,235,0.88,12.3,11.55,0.75,8.59,201,20.81,1.36
REC_00153,MH06,CR03,2019_K,INS01,34302,7517,41819,32592,51895.87,321.75,21.7,5.0,16.09,26.86,26.87,69.82,Delayed >6 Months,197,10.1,6,2276.7,2276.7,0.0,206,198,0.21,10.03,9.51,0.52,7.58,246,10.86,1.43
REC_00154,MH06,CR05,2019_K,INS01,10738,3026,13764,10887,18200.32,69.16,11.4,2.0,1.38,3.25,3.25,7.88,Delayed >6 Months,166,-11.5,6,2205.3,2205.3,0.0,71,65,0.6,1.02,0.98,0.04,0.7,201,8.88,1.33
REC_00155,MH06,CR08,2019_R,INS01,34992,11654,46646,34409,59084.53,245.79,13.27,1.5,3.69,14.46,14.47,32.62,Delayed 3-6 Months,268,-16.3,6,1699.9,1399.2,17.69,283,265,5.12,46.69,43.65,3.04,33.96,313,104.11,1.43
REC_00156,MH06,CR09,2019_R,INS01,46622,12283,58905,47627,58815.97,189.62,14.77,1.5,2.84,12.58,12.59,28.01,Settled on Time,49,20.1,1,2917.6,2756.3,5.53,236,228,3.92,10.21,9.37,0.84,9.37,68,33.45,1.14
REC_00157,MH06,CR01,2020_K,INS01,19367,6605,25972,21743,23264.22,101.62,14.85,2.0,2.03,6.53,6.53,15.09,Delayed 3-6 Months,161,8.5,1,1367.1,1367.1,0.0,111,101,1.39,1.19,1.13,0.06,0.85,197,5.63,1.44
REC_00158,MH06,CR02,2020_K,INS01,29863,8031,37894,29884,45815.02,262.06,15.04,2.0,5.24,17.08,17.09,39.41,Delayed >6 Months,162,9.8,8,2604.3,2604.3,0.0,215,210,0.69,3.54,3.37,0.17,2.46,212,6.24,1.17
REC_00159,MH06,CR03,2020_K,INS01,19910,4352,24262,19439,34592.97,223.06,18.18,5.0,11.15,14.7,14.7,40.55,Delayed 3-6 Months,183,3.5,0,2785.5,2785.5,0.0,153,146,0.87,7.73,7.12,0.61,5.74,223,14.16,1.38
REC_00160,MH06,CR05,2020_K,INS01,28673,10708,39381,33915,37564.71,148.46,14.51,2.0,2.97,9.28,9.29,21.54,Settled on Time,35,33.7,0,1975.7,1975.7,0.0,168,165,4.36,5.06,4.71,0.35,4.71,69,21.87,1.3
REC_00161,MH06,CR08,2020_R,INS01,23315,5908,29223,22782,31058.11,134.17,11.73,1.5,2.01,6.86,6.87,15.74,Delayed >6 Months,124,5.8,3,2128.5,2014.0,5.38,131,119,4.62,7.61,6.93,0.68,5.69,155,36.15,1.37
REC_00162,MH06,CR09,2020_R,INS01,26471,9236,35707,30296,44185.68,147.93,14.88,1.5,2.22,9.9,9.89,22.01,Delayed 3-6 Months,160,40.0,1,2542.3,2252.0,11.42,228,211,2.91,17.36,16.04,1.32,14.37,207,65.29,1.32
REC_00163,MH06,CR01,2021_K,INS01,15376,5235,20611,15733,22823.84,103.53,12.67,2.0,2.07,5.52,5.53,13.12,Delayed 3-6 Months,228,-11.1,6,1683.0,1683.0,0.0,90,85,0.37,3.59,3.35,0.24,2.93,266,22.33,1.34
REC_00164,MH06,CR02,2021_K,INS01,15993,5141,21134,16313,28203.1,167.53,13.14,2.0,3.35,9.33,9.33,22.01,Settled on Time,49,-23.6,3,2589.3,2027.9,21.68,140,134,0.34,34.92,32.53,2.39,32.53,71,147.8,1.25
REC_00165,MH06,CR03,2021_K,INS01,12212,2173,14385,12380,16557.45,110.87,16.95,5.0,5.54,6.62,6.63,18.79,Settled on Time,57,-1.3,5,1278.0,1278.0,0.0,65,63,3.8,3.03,2.9,0.13,2.9,73,15.43,1.45
REC_00166,MH06,CR05,2021_K,INS01,19001,6878,25879,22185,31331.96,128.59,18.23,2.0,2.57,10.44,10.43,23.44,Delayed 3-6 Months,265,-9.3,1,1280.7,1280.7,0.0,172,161,3.02,2.18,2.1,0.08,1.82,313,7.76,1.37
REC_00167,MH06,CR08,2021_R,INS01,9955,3160,13115,10625,16946.9,75.92,15.62,1.5,1.14,5.36,5.36,11.86,Settled on Time,54,13.5,13,2373.9,2353.2,0.87,70,66,3.15,2.87,2.6,0.27,2.6,75,21.92,1.28
REC_00168,MH06,CR09,2021_R,INS01,14232,5742,19974,16457,25581.79,88.82,16.88,1.5,1.33,6.83,6.83,14.99,Delayed >6 Months,279,-8.0,8,2386.3,2386.3,0.0,109,105,0.59,2.62,2.5,0.12,1.84,328,12.27,1.31
REC_00169,MH06,CR01,2022_K,INS01,14766,4109,18875,15606,23967.8,112.74,17.11,2.0,2.25,8.52,8.52,19.29,Settled on Time,47,2.1,1,1238.3,1199.4,3.14,101,98,4.44,2.49,2.36,0.13,2.36,73,12.23,1.2
REC_00170,MH06,CR02,2022_K,INS01,39399,12256,51655,40124,61065.38,376.16,11.61,2.0,7.52,18.08,18.07,43.67,Delayed 3-6 Months,198,12.0,0,2046.7,2022.7,1.17,243,238,0.83,5.98,5.55,0.43,4.23,252,9.69,1.45
REC_00171,MH06,CR03,2022_K,INS01,9492,3020,12512,10957,16501.3,114.59,18.51,5.0,5.73,7.74,7.74,21.21,Settled on Time,50,-4.1,13,1324.8,1324.8,0.0,63,61,2.09,1.93,1.81,0.12,1.81,70,8.53,1.14
REC_00172,MH06,CR05,2022_K,INS01,18142,7285,25427,21396,23374.55,99.48,18.02,2.0,1.99,7.97,7.97,17.93,Delayed 3-6 Months,192,-1.2,4,1756.7,1756.7,0.0,114,105,4.82,1.18,1.11,0.07,0.97,226,5.41,1.22
REC_00173,MH06,CR08,2022_R,INS01,45038,8543,53581,42732,58232.95,270.2,13.37,1.5,4.05,16.04,16.04,36.13,Settled on Time,26,-38.3,14,2807.6,1804.2,35.74,264,243,0.68,97.51,93.01,4.5,93.01,57,257.43,1.12
REC_00174,MH06,CR09,2022_R,INS01,24358,8343,32701,26549,35930.36,129.21,15.92,1.5,1.94,9.32,9.31,20.57,Delayed 3-6 Months,235,-47.0,27,2924.4,1508.7,48.41,145,143,0.67,63.43,59.83,3.6,52.91,275,257.22,1.4
REC_00175,MH06,CR01,2023_K,INS01,25298,7034,32332,27223,35340.24,172.18,12.13,2.0,3.44,8.72,8.73,20.89,Settled on Time,34,6.7,6,2179.2,2179.2,0.0,152,141,0.07,4.67,4.5,0.17,4.5,54,21.54,1.18
REC_00176,MH06,CR02,2023_K,INS01,14239,3388,17627,15306,24141.89,154.03,18.04,2.0,3.08,12.36,12.35,27.79,Delayed 3-6 Months,243,-17.9,8,2795.5,2758.6,1.32,115,105,3.97,4.65,4.4,0.25,3.29,299,11.84,1.19
REC_00177,MH06,CR03,2023_K,INS01,23460,8849,32309,27359,28162.37,202.54,19.64,5.0,10.13,14.82,14.83,39.78,Delayed 3-6 Months,208,-9.5,4,1902.4,1850.1,2.75,150,142,0.99,4.87,4.59,0.28,3.98,242,10.01,1.27
REC_00178,MH06,CR05,2023_K,INS01,23424,9554,32978,27804,36499.26,160.89,14.04,2.0,3.22,9.68,9.69,22.59,Delayed 3-6 Months,216,-4.9,0,1608.9,1571.9,2.3,176,167,3.16,1.85,1.78,0.07,1.46,259,6.46,1.39
REC_00179,MH06,CR08,2023_R,INS01,18958,5248,24206,18348,23033.98,110.56,11.6,1.5,1.66,5.58,5.58,12.82,Settled on Time,25,-8.3,6,1762.1,1727.2,1.98,118,110,0.9,3.67,3.51,0.16,3.51,53,27.38,1.3
REC_00180,MH06,CR09,2023_R,INS01,42905,7969,50874,36785,61457.24,228.62,17.04,1.5,3.43,17.76,17.77,38.96,Settled on Time,33,29.6,1,1890.2,1874.5,0.83,336,331,2.7,6.94,6.56,0.38,6.56,64,16.84,1.43
REC_00181,MP01,CR01,2019_K,INS05,36048,10010,46058,35237,59242.76,248.82,17.49,2.0,4.98,19.27,19.27,43.52,Settled on Time,55,17.8,32,1823.8,1662.5,8.84,285,261,0.31,23.57,22.69,0.88,22.69,77,52.14,1.05
REC_00182,MP01,CR05,2019_K,INS05,49658,11215,60873,45414,61431.53,233.44,14.92,2.0,4.67,15.08,15.08,34.83,Settled on Time,20,3.5,1,2141.9,2141.9,0.0,263,255,1.81,7.64,7.37,0.27,7.37,35,21.16,1.05
REC_00183,MP01,CR06,2019_R,INS05,16032,4294,20326,15943,25622.36,154.55,16.94,1.5,2.32,11.93,11.93,26.18,Settled on Time,30,22.4,2,1581.2,1581.2,0.0,131,122,4.56,4.01,3.77,0.24,3.77,54,14.4,1.05
REC_00184,MP01,CR07,2019_R,INS05,19257,5262,24519,18298,29997.1,112.31,11.57,1.5,1.68,5.66,5.65,12.99,Settled on Time,29,18.4,2,2666.0,2649.2,0.63,128,126,1.67,2.47,2.34,0.13,2.34,44,18.01,1.05
REC_00185,MP01,CR08,2019_R,INS05,33516,6530,40046,32529,56327.55,234.32,14.0,1.5,3.51,14.64,14.65,32.8,Settled on Time,24,29.3,0,2517.4,2426.6,3.61,253,232,3.56,8.1,7.3,0.8,7.3,44,22.26,1.05
REC_00186,MP01,CR01,2020_K,INS05,43521,10998,54519,39692,63486.18,277.31,11.12,2.0,5.55,12.64,12.65,30.84,Delayed 3-6 Months,216,-5.4,1,2427.9,2152.9,11.33,317,303,4.51,31.28,29.25,2.03,25.66,255,83.2,1.05
REC_00187,MP01,CR05,2020_K,INS05,20349,5719,26068,20779,25452.97,100.59,16.64,2.0,2.01,7.36,7.37,16.74,Settled on Time,19,-8.0,11,2847.2,2847.2,0.0,120,113,2.84,3.07,2.86,0.21,2.86,34,17.08,1.05
REC_00188,MP01,CR06,2020_R,INS05,26843,5593,32436,26760,38779.81,242.92,17.55,1.5,3.64,19.5,19.49,42.63,Settled on Time,55,33.0,0,2035.3,1974.5,2.99,204,195,1.97,6.44,6.07,0.37,6.07,86,14.24,1.05
REC_00189,MP01,CR07,2020_R,INS05,35564,9206,44770,34063,55733.55,216.69,11.49,1.5,3.25,10.82,10.83,24.9,Settled on Time,60,-17.2,20,2516.3,2516.3,0.0,300,282,1.6,4.89,4.69,0.2,4.69,92,18.84,1.05
REC_00190,MP01,CR08,2020_R,INS05,32007,9268,41275,34548,42852.03,185.12,17.46,1.5,2.78,14.77,14.77,32.32,Settled on Time,46,8.4,19,3032.8,3032.8,0.0,185,177,5.47,4.23,3.85,0.38,3.85,77,11.91,1.05
REC_00191,MP01,CR01,2021_K,INS05,13132,3921,17053,14582,22321.81,101.25,13.77,2.0,2.02,5.96,5.96,13.94,Settled on Time,24,-1.8,2,2888.4,2888.4,0.0,102,97,5.31,1.84,1.75,0.09,1.75,58,12.55,1.05
REC_00192,MP01,CR05,2021_K,INS05,44038,15120,59158,45866,63287.36,259.73,15.45,2.0,5.19,17.47,17.47,40.13,Settled on Time,15,9.2,2,3180.7,3180.7,0.0,347,332,3.34,4.01,3.71,0.3,3.71,34,9.24,1.05
REC_00193,MP01,CR06,2021_R,INS05,19871,5351,25222,18806,30360.82,197.22,11.95,1.5,2.96,10.3,10.31,23.57,Settled on Time,21,28.9,15,1368.3,1368.3,0.0,143,131,0.54,6.91,6.32,0.59,6.32,38,26.81,1.05
REC_00194,MP01,CR07,2021_R,INS05,15440,6029,21469,16899,26573.76,107.15,11.1,1.5,1.61,5.14,5.14,11.89,Settled on Time,29,3.5,3,1257.3,1257.3,0.0,117,106,0.76,2.35,2.15,0.2,2.15,54,18.08,1.05
REC_00195,MP01,CR08,2021_R,INS05,17692,4150,21842,18886,28761.96,128.85,13.37,1.5,1.93,7.65,7.65,17.23,Delayed >6 Months,227,-9.3,3,2864.7,2852.7,0.42,117,108,3.63,3.03,2.85,0.18,2.54,259,14.74,1.05
REC_00196,MP01,CR01,2022_K,INS05,15474,2819,18293,14612,25556.3,120.22,13.84,2.0,2.4,7.12,7.12,16.64,Settled on Time,50,-16.7,13,1522.7,1522.7,0.0,113,110,0.98,2.5,2.37,0.13,2.37,78,14.24,1.05
REC_00197,MP01,CR05,2022_K,INS05,14608,3845,18453,15344,17834.02,75.9,12.1,2.0,1.52,3.83,3.83,9.18,Delayed >6 Months,211,-21.7,39,2991.4,1898.6,36.53,87,80,0.44,28.77,26.58,2.19,20.93,245,228.0,1.05
REC_00198,MP01,CR06,2022_R,INS05,36643,12083,48726,37192,51897.55,349.17,11.32,1.5,5.24,17.14,17.15,39.53,Delayed 3-6 Months,230,-4.1,6,2932.2,2736.0,6.69,255,241,0.26,23.9,22.06,1.84,16.42,288,41.54,1.05
REC_00199,MP01,CR07,2022_R,INS05,29194,8827,38021,32117,49454.38,206.52,10.86,1.5,3.1,9.66,9.67,22.43,Settled on Time,53,-32.1,26,1706.1,1187.2,30.41,198,181,3.2,64.51,59.74,4.77,59.74,81,266.34,1.05
REC_00200,MP01,CR08,2022_R,INS05,30030,7077,37107,31280,43767.96,203.08,12.33,1.5,3.05,11.0,10.99,25.04,Settled on Time,43,-33.9,17,2694.2,1703.5,36.77,221,202,3.34,78.07,73.48,4.59,73.48,67,293.45,1.05
REC_00201,MP01,CR01,2023_K,INS05,43913,12328,56241,40616,61442.98,299.35,11.32,2.0,5.99,13.95,13.95,33.89,Settled on Time,47,-17.3,14,1549.3,1371.6,11.47,301,289,1.73,32.93,31.7,1.23,31.7,74,93.54,1.05
REC_00202,MP01,CR05,2023_K,INS05,18309,4884,23193,17230,32047.93,141.27,15.75,2.0,2.83,9.71,9.71,22.25,Settled on Time,50,6.1,8,3000.5,3000.5,0.0,131,126,2.49,2.57,2.45,0.12,2.45,78,11.01,1.05
REC_00203,MP01,CR06,2023_R,INS05,30002,5216,35218,29463,46685.58,324.93,13.01,1.5,4.87,18.7,18.7,42.27,Settled on Time,25,14.0,2,1469.2,1298.0,11.65,248,242,1.95,39.55,36.4,3.15,36.4,42,86.11,1.05
REC_00204,MP01,CR07,2023_R,INS05,9218,2349,11567,8799,15001.54,64.81,10.84,1.5,0.97,3.03,3.03,7.03,Settled on Time,45,23.1,22,2331.5,2312.6,0.81,67,61,0.06,1.12,1.09,0.03,1.09,66,15.5,1.05
REC_00205,MP01,CR08,2023_R,INS05,15183,6148,21331,16874,19832.24,95.19,14.47,1.5,1.43,6.17,6.17,13.77,Settled on Time,30,25.0,2,1811.5,1774.7,2.03,93,89,0.4,1.32,1.24,0.08,1.24,58,9.01,1.05
REC_00206,MP02,CR01,2019_K,INS05,30283,13457,43740,34991,50030.57,210.13,15.71,2.0,4.2,14.4,14.41,33.01,Settled on Time,32,-19.3,0,1769.1,1721.3,2.7,232,222,1.27,2.78,2.62,0.16,2.62,58,7.94,1.05
REC_00207,MP02,CR05,2019_K,INS05,33611,7258,40869,30115,42068.72,159.86,14.7,2.0,3.2,10.15,10.15,23.5,Settled on Time,48,-25.9,18,2840.1,2040.1,28.17,229,217,0.48,48.04,44.41,3.63,44.41,74,188.98,1.05
REC_00208,MP02,CR06,2019_R,INS05,36303,11709,48012,38149,51511.09,310.71,11.93,1.5,4.66,16.2,16.21,37.07,Settled on Time,30,11.1,3,3022.7,2696.8,10.78,283,264,0.47,35.11,33.21,1.9,33.21,53,89.59,1.05
REC_00209,MP02,CR07,2019_R,INS05,45712,9081,54793,44575,61736.5,231.14,17.39,1.5,3.47,18.36,18.37,40.2,Settled on Time,19,-8.7,2,2211.9,2211.9,0.0,319,307,1.12,5.19,4.92,0.27,4.92,47,12.24,1.05
REC_00210,MP02,CR08,2019_R,INS05,23349,4310,27659,23515,37101.67,154.34,17.18,1.5,2.32,12.1,12.1,26.52,Settled on Time,30,9.2,1,2154.8,2137.8,0.79,162,154,0.37,2.3,2.14,0.16,2.14,49,8.07,1.05
REC_00211,MP02,CR01,2020_K,INS05,11706,3648,15354,13196,17928.27,78.31,14.64,2.0,1.57,4.94,4.95,11.46,Settled on Time,35,21.9,5,1358.6,1358.6,0.0,79,77,0.41,1.8,1.69,0.11,1.69,51,14.75,1.05
REC_00212,MP02,CR05,2020_K,INS05,37492,11608,49100,41860,61978.43,244.94,11.16,2.0,4.9,11.22,11.22,27.34,Settled on Time,20,42.9,12,2766.9,2703.0,2.31,306,301,5.97,7.39,6.82,0.57,6.82,51,24.95,1.05
REC_00213,MP02,CR06,2020_R,INS05,51536,20812,72348,53087,62526.64,391.67,16.3,1.5,5.88,28.98,28.98,63.84,Delayed 3-6 Months,272,-10.1,10,2487.9,2487.9,0.0,297,271,3.3,9.12,8.75,0.37,7.7,326,12.06,1.05
REC_00214,MP02,CR07,2020_R,INS05,31447,11331,42778,34596,44400.02,172.63,16.38,1.5,2.59,12.84,12.85,28.28,Delayed 3-6 Months,201,24.3,6,2028.3,1958.5,3.44,173,164,0.37,2.68,2.6,0.08,2.17,253,7.67,1.05
REC_00215,MP02,CR08,2020_R,INS05,30814,10126,40940,30001,41170.07,177.85,13.69,1.5,2.67,10.84,10.84,24.35,Settled on Time,49,-5.0,1,1973.4,1973.4,0.0,223,210,5.96,2.16,1.98,0.18,1.98,75,8.13,1.05
REC_00216,MP02,CR01,2021_K,INS05,38379,15291,53670,39060,58901.68,267.18,11.29,2.0,5.34,12.41,12.41,30.16,Settled on Time,18,-36.1,0,1570.6,947.0,39.7,320,315,3.45,102.52,97.78,4.74,97.78,43,324.2,1.05
REC_00217,MP02,CR05,2021_K,INS05,19289,7821,27110,22487,27292.37,112.01,17.24,2.0,2.24,8.54,8.53,19.31,Delayed 3-6 Months,244,-18.9,2,1964.3,1964.3,0.0,151,145,2.36,1.2,1.13,0.07,0.84,276,4.35,1.05
REC_00218,MP02,CR06,2021_R,INS05,40289,13836,54125,41701,62836.02,408.18,13.35,1.5,6.12,24.18,24.19,54.49,Settled on Time,16,-44.9,4,1393.9,860.8,38.25,268,255,1.66,168.47,160.7,7.77,160.7,48,294.92,1.05
REC_00219,MP02,CR07,2021_R,INS05,42351,11224,53575,42085,56531.14,227.93,17.45,1.5,3.42,18.18,18.17,39.77,Settled on Time,51,-21.6,3,2798.3,2106.6,24.72,264,252,0.75,58.6,56.47,2.13,56.47,74,141.99,1.05
REC_00220,MP02,CR08,2021_R,INS05,29431,8642,38073,33483,42429.42,190.08,11.55,1.5,2.85,9.55,9.55,21.95,Settled on Time,15,7.1,7,1992.0,1992.0,0.0,181,171,0.39,2.82,2.67,0.15,2.67,41,12.16,1.05
REC_00221,MP02,CR01,2022_K,INS05,32814,11375,44189,31994,43514.35,204.69,13.08,2.0,4.09,11.34,11.34,26.77,Settled on Time,34,-29.2,27,2327.8,1443.7,37.98,193,187,0.71,76.5,72.45,4.05,72.45,60,270.64,1.05
REC_00222,MP02,CR05,2022_K,INS05,29634,5083,34717,27752,40685.39,173.16,12.6,2.0,3.46,9.18,9.18,21.82,Settled on Time,41,45.9,9,1247.9,1118.4,10.38,209,198,1.69,18.29,16.72,1.57,16.72,59,76.63,1.05
REC_00223,MP02,CR06,2022_R,INS05,9393,2886,12279,10590,16128.23,108.51,14.78,1.5,1.63,7.2,7.21,16.04,Settled on Time,49,23.2,11,2059.3,2019.8,1.92,71,65,2.8,2.89,2.68,0.21,2.68,72,16.71,1.05
REC_00224,MP02,CR07,2022_R,INS05,36647,6995,43642,32622,45771.04,191.14,14.23,1.5,2.87,12.16,12.17,27.2,Settled on Time,29,-28.5,4,1766.6,1229.4,30.41,252,242,1.45,60.23,55.92,4.31,55.92,62,205.59,1.05
REC_00225,MP02,CR08,2022_R,INS05,39732,9470,49202,42351,64847.47,300.89,10.94,1.5,4.51,14.2,14.21,32.92,Settled on Time,32,3.0,1,2994.8,2994.8,0.0,339,331,1.5,9.87,9.38,0.49,9.38,55,28.49,1.05
REC_00226,MP02,CR01,2023_K,INS05,14269,4618,18887,16422,25484.51,124.16,12.72,2.0,2.48,6.66,6.65,15.79,Settled on Time,16,15.7,10,2731.7,2731.7,0.0,109,105,1.54,2.83,2.63,0.2,2.63,45,16.66,1.05
REC_00227,MP02,CR05,2023_K,INS05,18439,4315,22754,17106,26611.23,117.3,16.08,2.0,2.35,8.26,8.25,18.86,Settled on Time,57,-24.3,43,1940.5,1204.1,37.95,107,98,3.9,45.1,42.98,2.12,42.98,76,227.89,1.05
REC_00228,MP02,CR06,2023_R,INS05,18303,6925,25228,19385,30847.13,214.7,16.61,1.5,3.22,16.22,16.22,35.66,Settled on Time,40,-18.8,35,2729.3,2656.4,2.67,120,115,0.45,2.92,2.79,0.13,2.79,71,7.82,1.05
REC_00229,MP02,CR07,2023_R,INS05,45283,17962,63245,48863,58070.9,250.87,15.24,1.5,3.76,17.24,17.23,38.23,Settled on Time,44,2.2,9,2823.9,2823.9,0.0,233,214,1.99,9.08,8.69,0.39,8.69,60,22.73,1.05
REC_00230,MP02,CR08,2023_R,INS05,34251,12744,46995,36719,50873.25,244.19,11.78,1.5,3.66,12.56,12.55,28.77,Settled on Time,54,22.7,12,2297.8,2214.6,3.62,230,220,0.76,3.21,2.96,0.25,2.96,82,10.29,1.05
REC_00231,MP03,CR01,2019_K,INS05,35161,15688,50849,42512,49851.21,209.38,10.54,2.0,4.19,8.94,8.94,22.07,Settled on Time,40,8.8,3,2972.8,2782.8,6.39,247,229,3.71,12.95,12.43,0.52,12.43,65,56.32,1.05
REC_00232,MP03,CR05,2019_K,INS05,44874,13462,58336,45213,63788.94,242.4,13.39,2.0,4.85,13.8,13.81,32.46,Settled on Time,57,-11.1,10,2959.8,2383.8,19.46,333,329,6.22,47.36,43.8,3.56,43.8,87,134.94,1.05
REC_00233,MP03,CR06,2019_R,INS05,14647,4751,19398,15266,24785.63,149.51,12.96,1.5,2.24,8.57,8.57,19.38,Delayed >6 Months,129,-8.1,2,2704.2,2704.2,0.0,108,106,2.38,2.41,2.27,0.14,1.7,159,8.77,1.05
REC_00234,MP03,CR07,2019_R,INS05,35602,12341,47943,35806,60750.08,227.45,10.59,1.5,3.41,10.34,10.34,24.09,Settled on Time,26,13.2,0,2648.1,2648.1,0.0,320,304,2.24,3.03,2.92,0.11,2.92,60,12.12,1.05
REC_00235,MP03,CR08,2019_R,INS05,21615,4651,26266,19075,26636.42,110.81,12.49,1.5,1.66,6.09,6.09,13.84,Delayed 3-6 Months,149,-24.5,29,1882.5,1103.1,41.4,120,117,1.04,49.47,45.79,3.68,34.56,195,249.71,1.05
REC_00236,MP03,CR01,2020_K,INS05,37682,7279,44961,37453,64606.78,282.2,12.17,2.0,5.64,14.35,14.35,34.34,Settled on Time,36,1.6,0,2007.0,1926.9,3.99,312,304,1.74,3.4,3.25,0.15,3.25,62,9.46,1.05
REC_00237,MP03,CR05,2020_K,INS05,20385,5293,25678,22086,29568.05,116.85,16.09,2.0,2.34,8.23,8.23,18.8,Settled on Time,39,-12.2,12,1860.3,1860.3,0.0,145,135,1.7,1.6,1.54,0.06,1.54,72,8.19,1.05
REC_00238,MP03,CR06,2020_R,INS05,14477,4337,18814,13780,24506.44,153.51,16.44,1.5,2.3,11.47,11.47,25.24,Settled on Time,41,7.2,1,2919.3,2874.3,1.54,135,128,2.0,3.27,3.08,0.19,3.08,66,12.2,1.05
REC_00239,MP03,CR07,2020_R,INS05,14239,2988,17227,13258,22993.99,89.4,13.27,1.5,1.34,5.26,5.26,11.86,Settled on Time,20,-14.0,28,2678.9,2678.9,0.0,102,93,3.14,3.46,3.13,0.33,3.13,42,26.39,1.05
REC_00240,MP03,CR08,2020_R,INS05,13120,3455,16575,14447,17155.01,74.11,10.74,1.5,1.11,3.42,3.43,7.96,Settled on Time,49,0.3,10,1417.4,1417.4,0.0,70,65,2.57,2.78,2.53,0.25,2.53,76,31.78,1.05
REC_00241,MP03,CR01,2021_K,INS05,44637,11144,55781,42962,55413.41,251.36,14.2,2.0,5.03,15.33,15.33,35.69,Delayed >6 Months,152,-21.0,7,1497.0,1108.1,25.98,263,242,3.33,67.14,61.76,5.38,48.16,206,134.94,1.05
REC_00242,MP03,CR05,2021_K,INS05,17013,6135,23148,17333,25204.38,103.44,10.52,2.0,2.07,4.4,4.41,10.88,Settled on Time,56,-33.4,38,1885.9,1252.4,33.59,136,130,4.98,34.35,32.62,1.73,32.62,89,299.82,1.05
REC_00243,MP03,CR06,2021_R,INS05,10267,2046,12313,9471,15302.35,99.4,16.23,1.5,1.49,7.32,7.32,16.13,Delayed 3-6 Months,158,-1.5,1,3131.7,3007.0,3.98,68,66,1.51,3.73,3.54,0.19,2.77,210,17.17,1.05
REC_00244,MP03,CR07,2021_R,INS05,18033,6232,24265,19790,31941.17,128.79,15.92,1.5,1.93,9.28,9.29,20.5,Delayed 3-6 Months,134,4.8,0,1714.1,1714.1,0.0,133,130,1.53,3.18,3.01,0.17,2.71,181,13.22,1.05
REC_00245,MP03,CR08,2021_R,INS05,31479,7912,39391,31094,53108.73,237.93,15.69,1.5,3.57,16.88,16.88,37.33,Delayed 3-6 Months,124,0.2,3,2787.9,2761.1,0.96,221,215,3.51,7.19,6.71,0.48,5.8,164,15.54,1.05
REC_00246,MP03,CR01,2022_K,INS05,35626,12410,48036,38780,46737.21,219.85,11.18,2.0,4.4,10.09,10.09,24.58,Settled on Time,28,-0.3,2,2697.2,2697.2,0.0,181,175,2.45,5.66,5.22,0.44,5.22,48,21.24,1.05
REC_00247,MP03,CR05,2022_K,INS05,29304,6418,35722,25725,37336.32,158.9,10.02,2.0,3.18,6.37,6.37,15.92,Settled on Time,31,-44.6,68,1684.7,565.9,66.41,166,153,1.81,113.63,106.05,7.58,106.05,52,666.14,1.05
REC_00248,MP03,CR06,2022_R,INS05,38211,14656,52867,39074,47423.23,319.06,12.04,1.5,4.79,16.81,16.81,38.41,Settled on Time,25,-3.1,11,2394.6,2394.6,0.0,190,178,2.24,7.31,6.99,0.32,6.99,54,18.2,1.05
REC_00249,MP03,CR07,2022_R,INS05,26415,5725,32140,24229,41767.39,174.42,10.04,1.5,2.62,7.44,7.45,17.51,Settled on Time,60,-3.7,13,2533.9,2533.9,0.0,194,191,2.42,2.02,1.86,0.16,1.86,77,10.62,1.05
REC_00250,MP03,CR08,2022_R,INS05,19834,6036,25870,21112,30138.76,139.84,10.91,1.5,2.1,6.58,6.58,15.26,Delayed >6 Months,174,11.2,24,2655.3,2655.3,0.0,118,114,0.43,3.93,3.71,0.22,3.03,214,19.86,1.05
REC_00251,MP03,CR01,2023_K,INS05,31069,11235,42304,31716,40965.63,199.58,10.34,2.0,3.99,8.32,8.33,20.64,Delayed 3-6 Months,174,36.6,4,1753.5,1753.5,0.0,182,170,4.06,2.07,1.92,0.15,1.66,218,8.04,1.05
REC_00252,MP03,CR05,2023_K,INS05,10804,3168,13972,11432,19270.15,84.94,11.41,2.0,1.7,4.0,3.99,9.69,Settled on Time,39,-3.8,4,2058.3,2058.3,0.0,98,93,2.99,0.94,0.9,0.04,0.9,70,9.29,1.05
REC_00253,MP03,CR06,2023_R,INS05,17031,4670,21701,18555,20898.62,145.45,11.59,1.5,2.18,7.34,7.34,16.86,Settled on Time,60,-10.1,9,1279.8,1113.2,13.02,92,86,0.43,19.88,18.2,1.68,18.2,94,107.95,1.05
REC_00254,MP03,CR07,2023_R,INS05,37330,12572,49902,38206,58253.55,251.66,14.17,1.5,3.77,15.94,15.95,35.66,Delayed 3-6 Months,255,-12.7,10,2164.0,2164.0,0.0,283,278,2.95,6.64,6.3,0.34,4.89,310,13.71,1.05
REC_00255,MP03,CR08,2023_R,INS05,28472,5515,33987,24557,42960.91,206.21,16.5,1.5,3.09,15.46,15.47,34.02,Delayed >6 Months,172,1.5,3,2406.4,2372.5,1.41,168,160,0.77,7.51,7.01,0.5,6.29,220,18.49,1.05
REC_00256,MP04,CR01,2019_K,INS04,15560,3991,19551,16919,21564.4,90.57,16.22,2.0,1.81,6.44,6.44,14.69,Settled on Time,53,10.1,7,1801.9,1740.1,3.43,98,90,1.05,1.31,1.19,0.12,1.19,72,8.1,1.05
REC_00257,MP04,CR05,2019_K,INS04,16275,6759,23034,18152,21517.66,81.77,14.86,2.0,1.64,5.26,5.25,12.15,Settled on Time,51,-2.4,0,1268.9,1169.0,7.87,85,77,1.75,6.23,5.68,0.55,5.68,81,46.75,1.05
REC_00258,MP04,CR06,2019_R,INS04,38647,9912,48559,42251,62066.72,374.39,12.83,1.5,5.62,21.2,21.21,48.03,Settled on Time,37,15.7,2,2601.6,2508.7,3.57,259,237,1.62,10.96,10.14,0.82,10.14,71,21.11,1.05
REC_00259,MP04,CR07,2019_R,INS04,20141,5506,25647,22033,33860.09,126.77,12.16,1.5,1.9,6.76,6.76,15.42,Settled on Time,57,-17.6,53,1637.5,1524.9,6.88,160,153,1.26,8.63,8.13,0.5,8.13,75,52.72,1.05
REC_00260,MP04,CR08,2019_R,INS04,22736,4175,26911,21887,32739.86,136.2,17.09,1.5,2.04,10.62,10.62,23.28,Settled on Time,47,15.5,1,2395.6,2395.6,0.0,138,130,5.82,5.36,4.97,0.39,4.97,72,21.35,1.05
REC_00261,MP04,CR01,2020_K,INS04,37106,11448,48554,41156,60496.51,264.25,16.95,2.0,5.28,19.76,19.75,44.79,Settled on Time,15,3.8,4,2150.2,2100.1,2.33,256,234,2.35,5.95,5.43,0.52,5.43,34,12.12,1.05
REC_00262,MP04,CR05,2020_K,INS04,36701,6716,43417,38011,56323.23,222.59,14.49,2.0,4.45,13.9,13.9,32.25,Settled on Time,46,1.4,2,2138.8,2138.8,0.0,288,265,3.55,3.34,3.14,0.2,3.14,79,9.74,1.05
REC_00263,MP04,CR06,2020_R,INS04,17932,5119,23051,17257,32151.34,201.4,17.14,1.5,3.02,15.75,15.75,34.52,Delayed >6 Months,257,29.1,4,2619.3,2575.6,1.67,158,146,1.29,4.6,4.45,0.15,3.88,287,11.24,1.05
REC_00264,MP04,CR07,2020_R,INS04,30584,8349,38933,31367,53094.49,206.43,14.24,1.5,3.1,13.15,13.15,29.4,Settled on Time,44,-17.9,8,2974.8,2974.8,0.0,231,227,7.8,8.0,7.48,0.52,7.48,70,25.44,1.05
REC_00265,MP04,CR08,2020_R,INS04,21301,5674,26975,23732,29127.51,125.83,11.28,1.5,1.89,6.15,6.15,14.19,Settled on Time,42,12.3,6,1365.1,1365.1,0.0,131,121,0.62,4.82,4.59,0.23,4.59,68,32.35,1.05
REC_00266,MP04,CR01,2021_K,INS04,50244,18235,68479,59695,60479.77,274.34,11.54,2.0,5.49,13.08,13.09,31.66,Delayed 3-6 Months,261,-24.7,3,3121.5,2565.9,17.8,301,284,1.83,48.97,46.89,2.08,42.91,316,135.53,1.05
REC_00267,MP04,CR05,2021_K,INS04,25555,5726,31281,25243,39916.65,163.82,15.76,2.0,3.28,11.27,11.27,25.82,Settled on Time,49,-47.5,13,3180.6,2181.9,31.4,165,152,5.63,52.11,47.15,4.96,47.15,75,182.61,1.05
REC_00268,MP04,CR06,2021_R,INS04,19041,4316,23357,17655,32103.47,208.54,14.43,1.5,3.13,13.48,13.48,30.09,Settled on Time,44,-32.4,5,1218.2,885.7,27.29,148,146,5.01,59.38,55.38,4.0,55.38,60,184.05,1.05
REC_00269,MP04,CR07,2021_R,INS04,26376,9926,36302,27554,37895.01,152.79,17.67,1.5,2.29,12.36,12.35,27.0,Settled on Time,52,5.6,22,1695.3,1618.0,4.56,147,138,0.86,4.9,4.75,0.15,4.75,67,17.59,1.05
REC_00270,MP04,CR08,2021_R,INS04,24300,5956,30256,24161,34314.39,153.73,13.15,1.5,2.31,8.96,8.95,20.22,Settled on Time,30,6.9,1,1818.9,1818.9,0.0,159,152,2.07,4.34,4.17,0.17,4.17,58,20.62,1.05
REC_00271,MP04,CR01,2022_K,INS04,11687,4043,15730,11856,18204.74,85.64,16.79,2.0,1.71,6.34,6.33,14.38,Settled on Time,20,-18.0,0,2887.6,2887.6,0.0,95,93,2.0,2.26,2.17,0.09,2.17,40,15.09,1.05
REC_00272,MP04,CR05,2022_K,INS04,20282,5432,25714,21410,26937.59,114.65,12.42,2.0,2.29,5.98,5.97,14.24,Settled on Time,43,-18.2,8,1981.8,1981.8,0.0,145,135,2.16,4.05,3.83,0.22,3.83,71,26.9,1.05
REC_00273,MP04,CR06,2022_R,INS04,24780,8350,33130,23905,30641.71,206.16,13.76,1.5,3.09,12.64,12.64,28.37,Delayed 3-6 Months,251,-14.4,7,2586.8,2586.8,0.0,125,116,3.04,3.45,3.18,0.27,2.65,308,9.34,1.05
REC_00274,MP04,CR07,2022_R,INS04,13820,4218,18038,13780,22818.11,95.29,14.22,1.5,1.43,6.06,6.06,13.55,Settled on Time,36,4.7,2,2358.6,2334.6,1.02,98,93,3.77,1.47,1.37,0.1,1.37,57,10.11,1.05
REC_00275,MP04,CR08,2022_R,INS04,18875,3807,22682,19697,27905.38,129.48,16.97,1.5,1.94,10.02,10.01,21.97,Delayed >6 Months,141,-43.5,22,1412.4,772.3,45.32,115,105,2.77,59.24,55.22,4.02,39.07,190,177.83,1.05
REC_00276,MP04,CR01,2023_K,INS04,13054,3128,16182,13063,19072.36,92.92,11.83,2.0,1.86,4.57,4.56,10.99,Settled on Time,37,23.5,8,2790.0,2790.0,0.0,101,97,5.43,1.24,1.18,0.06,1.18,57,10.74,1.05
REC_00277,MP04,CR05,2023_K,INS04,16063,4202,20265,17648,21783.07,96.02,15.17,2.0,1.92,6.32,6.33,14.57,Settled on Time,36,21.9,12,2620.7,2569.6,1.95,107,102,1.1,2.97,2.75,0.22,2.75,67,18.87,1.05
REC_00278,MP04,CR06,2023_R,INS04,35691,6621,42312,36028,63721.97,443.5,15.42,1.5,6.65,30.87,30.87,68.39,Settled on Time,53,-1.0,7,1456.7,1456.7,0.0,347,325,3.89,10.11,9.42,0.69,9.42,86,13.77,1.05
REC_00279,MP04,CR07,2023_R,INS04,33925,10008,43933,32096,47054.31,203.27,17.71,1.5,3.05,16.48,16.47,36.0,Settled on Time,32,35.3,3,2155.7,1974.7,8.4,201,194,0.84,16.31,15.26,1.05,15.26,64,42.39,1.05
REC_00280,MP04,CR08,2023_R,INS04,40520,11317,51837,37961,59541.61,285.8,15.6,1.5,4.29,20.14,20.15,44.58,Settled on Time,48,-4.7,12,1689.3,1570.4,7.04,238,221,1.68,20.54,19.78,0.76,19.78,78,44.37,1.05
REC_00281,MP05,CR01,2019_K,INS04,33630,8498,42128,31574,44121.75,185.31,11.4,2.0,3.71,8.71,8.71,21.13,Settled on Time,20,23.2,6,2880.7,2661.5,7.61,214,200,1.98,14.76,13.68,1.08,13.68,39,64.74,1.05
REC_00282,MP05,CR05,2019_K,INS04,25574,6044,31618,26185,32624.05,123.97,17.01,2.0,2.48,9.3,9.31,21.09,Delayed 3-6 Months,237,27.2,23,2456.7,2409.0,1.94,142,138,3.74,3.62,3.41,0.21,3.11,268,14.75,1.05
REC_00283,MP05,CR06,2019_R,INS04,33840,11488,45328,33911,43989.64,265.35,12.65,1.5,3.98,14.8,14.79,33.57,Settled on Time,59,10.1,4,3029.7,3029.7,0.0,182,172,1.26,3.9,3.62,0.28,3.62,85,10.78,1.05
REC_00284,MP05,CR07,2019_R,INS04,38061,10528,48589,38136,52741.37,197.46,17.89,1.5,2.96,16.18,16.19,35.33,Settled on Time,60,-15.2,6,1789.6,1696.4,5.21,263,258,0.11,11.07,10.49,0.58,10.49,93,29.69,1.05
REC_00285,MP05,CR08,2019_R,INS04,35367,7597,42964,33022,48841.0,203.18,11.65,1.5,3.05,10.31,10.31,23.67,Settled on Time,16,6.8,1,1409.3,1294.5,8.15,255,234,1.71,16.89,15.67,1.22,15.67,44,66.2,1.05
REC_00286,MP05,CR01,2020_K,INS04,34153,6123,40276,31934,46436.7,202.84,17.24,2.0,4.06,15.46,15.45,34.97,Delayed 3-6 Months,272,21.3,5,2864.8,2677.4,6.54,179,177,3.49,13.95,12.64,1.31,9.91,320,28.34,1.05
REC_00287,MP05,CR05,2020_K,INS04,24959,6086,31045,26138,36507.14,144.28,17.55,2.0,2.89,11.22,11.21,25.32,Delayed >6 Months,189,-9.5,19,1549.6,1515.2,2.22,182,166,2.81,2.56,2.36,0.2,1.67,230,6.6,1.05
REC_00288,MP05,CR06,2020_R,INS04,35986,13166,49152,37237,46337.67,290.26,15.57,1.5,4.35,20.42,20.42,45.19,Settled on Time,48,15.0,3,2392.1,2392.1,0.0,188,186,2.13,10.88,10.19,0.69,10.19,78,22.55,1.05
REC_00289,MP05,CR07,2020_R,INS04,12195,4872,17067,12735,21787.29,84.71,13.1,1.5,1.27,4.92,4.91,11.1,Settled on Time,50,-20.1,1,1743.4,1520.6,12.78,116,108,5.65,11.67,10.54,1.13,10.54,70,94.95,1.05
REC_00290,MP05,CR08,2020_R,INS04,14994,2978,17972,14609,18503.43,79.93,17.5,1.5,1.2,6.4,6.39,13.99,Settled on Time,59,34.8,4,2885.9,2578.3,10.66,77,71,1.62,8.69,7.9,0.79,7.9,83,56.47,1.05
REC_00291,MP05,CR01,2021_K,INS04,38241,13749,51990,42385,55802.84,253.12,17.21,2.0,5.06,19.25,19.25,43.56,Settled on Time,34,-11.5,9,2408.6,2408.6,0.0,291,266,5.98,8.12,7.57,0.55,7.57,59,17.38,1.05
REC_00292,MP05,CR05,2021_K,INS04,13022,4852,17874,15339,23125.55,94.91,13.85,2.0,1.9,5.62,5.63,13.15,Settled on Time,22,-6.2,10,1487.8,1487.8,0.0,104,94,7.05,1.61,1.45,0.16,1.45,48,11.03,1.05
REC_00293,MP05,CR06,2021_R,INS04,19029,6079,25108,21411,25538.15,165.9,13.91,1.5,2.49,10.3,10.29,23.08,Settled on Time,35,33.1,2,2934.0,2934.0,0.0,116,107,8.85,6.22,5.55,0.67,5.55,59,24.05,1.05
REC_00294,MP05,CR07,2021_R,INS04,32824,9426,42250,31720,50934.96,205.37,14.25,1.5,3.08,13.1,13.09,29.27,Delayed 3-6 Months,290,-49.0,5,3029.7,1789.0,40.95,228,218,1.96,86.7,81.52,5.18,71.02,326,242.64,1.05
REC_00295,MP05,CR08,2021_R,INS04,16088,6282,22370,18649,23228.3,104.06,13.93,1.5,1.56,6.47,6.47,14.5,Settled on Time,27,-14.9,13,1368.4,1314.9,3.91,123,121,0.44,3.47,3.24,0.23,3.24,54,22.34,1.05
REC_00296,MP05,CR01,2022_K,INS04,47806,11892,59698,45354,59623.45,280.47,17.92,2.0,5.61,22.32,22.33,50.26,Delayed 3-6 Months,280,15.2,3,2665.2,2665.2,0.0,299,278,4.57,8.53,7.74,0.79,5.67,314,11.28,1.05
REC_00297,MP05,CR05,2022_K,INS04,34721,6273,40994,33598,54504.16,231.97,13.16,2.0,4.64,12.94,12.95,30.53,Settled on Time,48,-20.5,8,2739.5,2296.2,16.18,213,200,3.38,36.08,32.66,3.42,32.66,79,106.98,1.05
REC_00298,MP05,CR06,2022_R,INS04,41320,14942,56262,48161,54565.54,367.12,13.02,1.5,5.51,21.14,21.15,47.8,Settled on Time,21,-15.7,54,1299.7,1289.8,0.76,241,231,0.44,12.73,12.38,0.35,12.38,46,25.9,1.05
REC_00299,MP05,CR07,2022_R,INS04,25329,4741,30070,24943,37978.15,158.6,14.52,1.5,2.38,10.32,10.33,23.03,Settled on Time,33,-13.0,26,2170.6,2117.6,2.44,195,191,1.0,2.79,2.57,0.22,2.57,64,11.16,1.05
REC_00300,MP05,CR08,2022_R,INS04,42599,11854,54453,45770,63947.37,296.72,11.93,1.5,4.45,15.48,15.47,35.4,Delayed 3-6 Months,98,-14.4,14,2292.5,2292.5,0.0,257,251,0.96,4.11,3.81,0.3,2.75,146,7.77,1.05
REC_00301,MP05,CR01,2023_K,INS04,19603,4422,24025,19755,32803.36,159.82,12.65,2.0,3.2,8.51,8.51,20.22,Settled on Time,23,-5.3,8,2947.4,2947.4,0.0,153,141,2.71,5.5,4.99,0.51,4.99,48,24.68,1.05
REC_00302,MP05,CR05,2023_K,INS04,41089,10839,51928,44435,62513.96,275.56,14.45,2.0,5.51,17.16,17.15,39.82,Settled on Time,18,6.8,4,2180.6,2144.2,1.67,294,275,3.96,6.78,6.37,0.41,6.37,35,16.0,1.05
REC_00303,MP05,CR06,2023_R,INS04,15225,3693,18918,14132,26942.26,187.52,14.22,1.5,2.81,11.93,11.93,26.67,Settled on Time,59,9.5,2,1270.3,1233.2,2.92,120,112,0.15,3.24,3.07,0.17,3.07,89,11.51,1.05
REC_00304,MP05,CR07,2023_R,INS04,15563,2724,18287,14392,25299.41,109.29,16.43,1.5,1.64,8.16,8.16,17.96,Settled on Time,55,8.8,2,2327.5,2235.3,3.96,137,134,1.03,2.14,1.96,0.18,1.96,72,10.91,1.05
REC_00305,MP05,CR08,2023_R,INS04,15995,3031,19026,14295,23925.99,114.84,17.61,1.5,1.72,9.25,9.25,20.22,Settled on Time,46,17.6,26,1952.5,1942.6,0.51,118,114,3.8,1.16,1.04,0.12,1.04,77,5.14,1.05
REC_00306,MP06,CR01,2019_K,INS05,36083,10248,46331,34479,54336.15,228.21,12.79,2.0,4.56,12.32,12.31,29.19,Delayed 3-6 Months,167,4.6,3,2712.6,2712.6,0.0,299,274,1.99,5.48,5.18,0.3,3.75,223,12.85,1.05
REC_00307,MP06,CR05,2019_K,INS05,41632,14297,55929,44630,54158.0,205.8,15.18,2.0,4.12,13.56,13.56,31.24,Settled on Time,43,12.6,20,2359.5,2359.5,0.0,292,270,1.59,7.22,6.93,0.29,6.93,64,22.18,1.05
REC_00308,MP06,CR06,2019_R,INS05,19284,4447,23731,18942,27448.84,165.57,13.65,1.5,2.48,10.06,10.06,22.6,Settled on Time,18,19.1,30,1311.9,1311.9,0.0,111,105,3.32,3.24,3.0,0.24,3.0,37,13.27,1.05
REC_00309,MP06,CR07,2019_R,INS05,11681,2046,13727,11646,20816.59,77.94,16.32,1.5,1.17,5.78,5.77,12.72,Settled on Time,45,6.2,2,1471.3,1432.0,2.67,89,86,1.24,2.75,2.63,0.12,2.63,61,20.68,1.05
REC_00310,MP06,CR08,2019_R,INS05,34799,13535,48334,39829,50164.0,208.68,11.43,1.5,3.13,10.36,10.36,23.85,Delayed 3-6 Months,220,10.6,20,1717.1,1717.1,0.0,272,258,0.48,7.11,6.85,0.26,5.35,261,22.43,1.05
REC_00311,MP06,CR01,2020_K,INS05,13442,4547,17989,13500,22570.52,98.59,13.37,2.0,1.97,5.6,5.61,13.18,Delayed >6 Months,108,-18.2,2,2456.4,2456.4,0.0,99,97,4.98,2.89,2.65,0.24,2.36,164,17.91,1.05
REC_00312,MP06,CR05,2020_K,INS05,48523,14532,63055,52870,60989.63,241.03,16.1,2.0,4.82,17.0,16.99,38.81,Delayed >6 Months,172,-18.4,16,1533.6,1473.5,3.92,326,308,2.66,7.21,6.59,0.62,4.93,205,12.7,1.05
REC_00313,MP06,CR06,2020_R,INS05,44496,17887,62383,53325,57576.86,360.66,14.31,1.5,5.41,23.1,23.1,51.61,Delayed 3-6 Months,237,-37.4,71,1394.8,525.1,62.35,276,271,0.2,221.1,210.55,10.55,186.47,272,361.31,1.05
REC_00314,MP06,CR07,2020_R,INS05,36643,12876,49519,41307,56343.39,219.06,12.25,1.5,3.29,11.77,11.77,26.83,Settled on Time,53,23.6,5,2935.4,2850.9,2.88,260,239,1.95,7.98,7.55,0.43,7.55,69,28.14,1.05
REC_00315,MP06,CR08,2020_R,INS05,36936,13161,50097,39617,51227.9,221.3,14.2,1.5,3.32,14.05,14.05,31.42,Settled on Time,54,7.6,10,1964.7,1964.7,0.0,244,232,0.67,4.0,3.82,0.18,3.82,87,12.16,1.05
REC_00316,MP06,CR01,2021_K,INS05,33095,10727,43822,31757,51176.73,232.14,15.13,2.0,4.64,15.24,15.24,35.12,Delayed 3-6 Months,210,-55.0,12,2291.5,1328.2,42.04,261,257,2.04,101.81,95.15,6.66,77.25,247,219.96,1.05
REC_00317,MP06,CR05,2021_K,INS05,40153,8641,48794,38728,52237.54,214.38,12.8,2.0,4.29,11.58,11.57,27.44,Settled on Time,34,-15.9,5,2490.5,2333.8,6.29,244,223,2.78,12.82,11.96,0.86,11.96,49,43.59,1.05
REC_00318,MP06,CR06,2021_R,INS05,24800,9931,34731,28010,43461.51,282.33,14.01,1.5,4.23,17.66,17.66,39.55,Settled on Time,42,7.1,20,2547.2,2547.2,0.0,218,206,1.94,7.09,6.5,0.59,6.5,70,16.43,1.05
REC_00319,MP06,CR07,2021_R,INS05,18121,7014,25135,18939,31918.39,128.69,11.08,1.5,1.93,6.16,6.17,14.26,Settled on Time,54,20.9,9,2855.2,2732.7,4.29,175,162,5.53,2.37,2.18,0.19,2.18,70,15.29,1.05
REC_00320,MP06,CR08,2021_R,INS05,21624,7244,28868,25360,35683.28,159.86,12.75,1.5,2.4,8.99,8.99,20.38,Delayed >6 Months,120,39.0,4,1859.1,1689.3,9.13,152,149,1.88,14.84,13.52,1.32,9.61,160,47.15,1.05
REC_00321,MP06,CR01,2022_K,INS05,40224,8744,48968,38585,57828.6,272.03,13.5,2.0,5.44,15.64,15.64,36.72,Settled on Time,28,15.3,17,2723.9,2673.7,1.84,266,243,2.92,8.98,8.51,0.47,8.51,54,23.18,1.05
REC_00322,MP06,CR05,2022_K,INS05,28940,10992,39932,32042,51072.46,217.36,16.22,2.0,4.35,15.46,15.45,35.26,Settled on Time,31,-2.0,5,2305.4,2305.4,0.0,281,271,1.77,5.33,5.14,0.19,5.14,57,14.58,1.05
REC_00323,MP06,CR06,2022_R,INS05,31730,8643,40373,31137,57054.81,383.86,17.15,1.5,5.76,30.04,30.03,65.83,Settled on Time,25,26.8,1,2430.9,2430.9,0.0,274,255,2.34,12.66,11.73,0.93,11.73,56,17.82,1.05
REC_00324,MP06,CR07,2022_R,INS05,26595,9040,35635,30929,47375.99,197.84,14.42,1.5,2.97,12.78,12.78,28.53,Delayed 3-6 Months,135,-13.8,2,2256.4,2223.0,1.48,216,207,0.73,4.26,4.03,0.23,3.45,183,12.09,1.05
REC_00325,MP06,CR08,2022_R,INS05,20702,4591,25293,22120,29946.31,138.95,11.71,1.5,2.08,7.1,7.09,16.27,Delayed 3-6 Months,247,-40.3,8,1251.7,781.5,37.56,152,139,0.86,55.38,51.54,3.84,36.67,300,225.38,1.05
REC_00326,MP06,CR01,2023_K,INS05,34103,9924,44027,33340,57275.54,279.05,16.72,2.0,5.58,20.54,20.54,46.66,Settled on Time,17,14.0,9,3161.5,3161.5,0.0,290,282,0.86,10.34,9.47,0.87,9.47,32,20.3,1.05
REC_00327,MP06,CR05,2023_K,INS05,13901,4577,18478,15930,18770.61,82.74,14.02,2.0,1.65,4.97,4.98,11.6,Delayed >6 Months,274,-5.3,6,1577.0,1577.0,0.0,100,95,0.23,2.12,1.99,0.13,1.4,326,12.07,1.05
REC_00328,MP06,CR06,2023_R,INS05,35675,6514,42189,35472,50650.71,352.53,17.49,1.5,5.29,28.18,28.19,61.66,Settled on Time,19,-18.3,4,1847.0,1812.7,1.86,263,246,1.11,9.47,9.19,0.28,9.19,35,14.9,1.05
REC_00329,MP06,CR07,2023_R,INS05,47374,16022,63396,54977,59062.9,255.15,12.69,1.5,3.83,14.28,14.27,32.38,Settled on Time,31,21.6,3,2337.8,2337.8,0.0,252,237,2.5,5.49,5.02,0.47,5.02,60,15.5,1.05
REC_00330,MP06,CR08,2023_R,INS05,22523,5179,27702,24026,28615.77,137.36,14.87,1.5,2.06,9.18,9.19,20.43,Settled on Time,55,27.9,5,2392.8,2226.2,6.96,128,117,1.0,10.16,9.4,0.76,9.4,74,46.01,1.05
REC_00331,RJ01,CR04,2019_K,INS01,13335,5387,18722,14077,16817.04,47.09,12.5,2.0,0.94,2.48,2.47,5.89,Settled on Time,27,3.1,4,2650.9,2650.9,0.0,76,72,0.68,1.26,1.17,0.09,1.17,50,19.86,1.05
REC_00332,RJ01,CR01,2019_K,INS01,13704,4754,18458,15178,21919.88,92.06,12.27,2.0,1.84,4.73,4.73,11.3,Settled on Time,49,-6.5,16,2374.7,2374.7,0.0,91,88,0.97,3.4,3.12,0.28,3.12,77,27.61,1.05
REC_00333,RJ01,CR06,2019_R,INS01,46238,17379,63617,49067,57949.03,349.55,11.15,1.5,5.24,16.86,16.87,38.97,Delayed 3-6 Months,163,11.2,1,2035.9,2035.9,0.0,303,282,1.29,12.87,11.9,0.97,9.2,215,23.61,1.05
REC_00334,RJ01,CR07,2019_R,INS01,17680,4459,22139,18801,22599.01,84.61,11.62,1.5,1.27,4.28,4.28,9.83,Settled on Time,19,-11.5,1,1463.4,1431.7,2.17,112,106,5.21,1.63,1.49,0.14,1.49,34,15.16,1.05
REC_00335,RJ01,CR08,2019_R,INS01,23835,7134,30969,22658,33632.86,139.91,15.43,1.5,2.1,9.74,9.75,21.59,Delayed >6 Months,247,14.6,1,2554.1,2511.7,1.66,140,134,5.29,4.53,4.22,0.31,3.24,290,15.01,1.05
REC_00336,RJ01,CR04,2020_K,INS01,31797,9530,41327,34129,55898.17,162.78,16.22,2.0,3.26,11.57,11.57,26.4,Settled on Time,51,18.4,0,1664.2,1578.5,5.15,224,211,4.61,8.81,8.39,0.42,8.39,82,31.78,1.05
REC_00337,RJ01,CR01,2020_K,INS01,23358,4469,27827,21537,36383.45,158.92,10.53,2.0,3.18,6.78,6.77,16.73,Settled on Time,43,-4.2,22,2814.5,2814.5,0.0,142,133,1.34,2.72,2.48,0.24,2.48,61,14.82,1.05
REC_00338,RJ01,CR06,2020_R,INS01,13398,5025,18423,14670,20662.17,129.43,16.86,1.5,1.94,9.94,9.94,21.82,Delayed >6 Months,274,3.7,7,1348.1,1309.7,2.85,101,92,0.15,5.17,4.95,0.22,3.77,308,17.28,1.05
REC_00339,RJ01,CR07,2020_R,INS01,16922,6069,22991,19885,23203.18,90.21,16.73,1.5,1.35,6.87,6.87,15.09,Settled on Time,32,-1.3,1,2962.6,2962.6,0.0,92,88,2.7,2.13,1.93,0.2,1.93,48,12.79,1.05
REC_00340,RJ01,CR08,2020_R,INS01,21993,6372,28365,21856,32750.76,141.48,15.0,1.5,2.12,9.55,9.55,21.22,Settled on Time,46,-8.1,14,3077.4,3002.0,2.45,146,142,4.29,2.63,2.37,0.26,2.37,67,11.17,1.05
REC_00341,RJ01,CR04,2021_K,INS01,13127,2409,15536,11460,19902.23,60.18,11.44,2.0,1.2,2.84,2.84,6.88,Settled on Time,53,-14.3,11,2066.5,1986.7,3.86,92,86,4.67,2.29,2.07,0.22,2.07,82,30.09,1.05
REC_00342,RJ01,CR01,2021_K,INS01,25863,10399,36262,31711,39111.26,177.41,11.41,2.0,3.55,8.35,8.34,20.24,Delayed 3-6 Months,177,0.8,11,1594.5,1531.3,3.96,184,181,0.49,2.61,2.48,0.13,2.07,211,10.23,1.05
REC_00343,RJ01,CR06,2021_R,INS01,36253,7603,43856,32426,63401.11,411.85,10.5,1.5,6.18,18.53,18.53,43.24,Settled on Time,16,-14.6,43,1587.2,837.6,47.23,341,316,0.59,193.06,180.51,12.55,180.51,36,417.46,1.05
REC_00344,RJ01,CR07,2021_R,INS01,38269,7160,45429,39316,60479.33,243.85,16.6,1.5,3.66,18.41,18.41,40.48,Delayed >6 Months,242,-12.3,1,2264.7,1677.9,25.91,267,263,1.31,67.05,63.28,3.77,46.98,277,116.06,1.05
REC_00345,RJ01,CR08,2021_R,INS01,39311,13861,53172,40035,53438.21,239.4,12.15,1.5,3.59,12.75,12.75,29.09,Settled on Time,16,-28.0,11,3086.4,2483.9,19.52,242,229,1.48,49.84,45.89,3.95,45.89,31,157.75,1.05
REC_00346,RJ01,CR04,2022_K,INS01,21336,4793,26129,19647,31002.98,97.23,10.16,2.0,1.94,3.97,3.97,9.88,Settled on Time,58,13.8,7,1725.0,1681.7,2.51,141,133,3.11,1.48,1.39,0.09,1.39,91,14.07,1.05
REC_00347,RJ01,CR01,2022_K,INS01,31625,12409,44034,32045,45767.39,215.29,11.37,2.0,4.31,10.09,10.08,24.48,Settled on Time,51,-9.4,5,2431.1,2431.1,0.0,197,190,1.59,2.98,2.72,0.26,2.72,75,11.11,1.05
REC_00348,RJ01,CR06,2022_R,INS01,18594,5364,23958,18438,30862.96,207.65,15.58,1.5,3.11,14.62,14.62,32.35,Delayed >6 Months,215,-20.0,36,2546.0,2532.8,0.52,128,117,1.22,2.12,1.95,0.17,1.52,261,4.7,1.05
REC_00349,RJ01,CR07,2022_R,INS01,30134,11978,42112,33900,48865.03,204.06,12.7,1.5,3.06,11.43,11.43,25.92,Settled on Time,43,14.5,21,2484.2,2484.2,0.0,197,184,2.31,2.41,2.27,0.14,2.27,68,8.76,1.05
REC_00350,RJ01,CR08,2022_R,INS01,22315,8190,30505,25727,36802.35,170.76,10.17,1.5,2.56,7.4,7.41,17.37,Settled on Time,26,-17.5,3,2273.2,2273.2,0.0,171,162,4.36,6.46,5.96,0.5,5.96,54,34.31,1.05
REC_00351,RJ01,CR04,2023_K,INS01,43043,13684,56727,41195,60578.84,196.76,11.21,2.0,3.94,9.06,9.06,22.06,Settled on Time,42,-12.1,32,2733.5,2733.5,0.0,272,247,0.44,3.62,3.48,0.14,3.48,67,15.78,1.05
REC_00352,RJ01,CR01,2023_K,INS01,43338,8177,51515,40028,58282.25,283.95,15.13,2.0,5.68,18.64,18.64,42.96,Settled on Time,46,-12.1,14,2833.6,2833.6,0.0,318,314,6.3,7.83,7.16,0.67,7.16,69,16.67,1.05
REC_00353,RJ01,CR06,2023_R,INS01,41800,11569,53369,43017,56805.93,395.37,14.55,1.5,5.93,25.8,25.8,57.53,Settled on Time,45,-14.5,27,1989.6,1989.6,0.0,223,209,1.97,14.98,14.05,0.93,14.05,69,24.42,1.05
REC_00354,RJ01,CR07,2023_R,INS01,12480,2855,15335,13248,20987.34,90.67,16.28,1.5,1.36,6.7,6.7,14.76,Delayed 3-6 Months,266,1.4,20,2240.5,2094.2,6.53,110,105,4.56,5.91,5.5,0.41,4.6,298,31.17,1.05
REC_00355,RJ01,CR08,2023_R,INS01,30685,9408,40093,32955,40184.59,192.89,13.8,1.5,2.89,11.86,11.87,26.62,Delayed 3-6 Months,200,1.8,9,1871.2,1871.2,0.0,183,176,3.64,2.43,2.32,0.11,2.1,250,7.89,1.05
REC_00356,RJ02,CR04,2019_K,INS01,15102,5525,20627,17609,21355.13,59.79,12.51,2.0,1.2,3.14,3.14,7.48,Settled on Time,33,29.7,1,2979.5,2959.2,0.68,106,97,2.4,1.89,1.72,0.17,1.72,56,22.99,1.17
REC_00357,RJ02,CR01,2019_K,INS01,23415,9956,33371,24378,40855.9,171.59,17.05,2.0,3.43,12.92,12.91,29.26,Settled on Time,40,-3.9,5,3014.9,2997.7,0.57,163,153,0.72,6.58,6.29,0.29,6.29,64,21.5,1.33
REC_00358,RJ02,CR06,2019_R,INS01,15490,5356,20846,17900,23109.17,139.39,16.58,1.5,2.09,10.51,10.51,23.11,Settled on Time,50,-3.9,7,1452.6,1452.6,0.0,90,87,3.85,4.61,4.4,0.21,4.4,84,19.04,1.41
REC_00359,RJ02,CR07,2019_R,INS01,16837,4939,21776,17287,28517.43,106.77,14.4,1.5,1.6,6.88,6.89,15.37,Delayed 3-6 Months,159,-24.3,15,2659.8,1732.6,34.86,120,116,0.56,36.53,34.48,2.05,30.86,200,200.78,1.36
REC_00360,RJ02,CR08,2019_R,INS01,13355,5422,18777,15834,19840.94,82.54,13.67,1.5,1.24,5.02,5.02,11.28,Delayed >6 Months,198,22.3,4,1667.2,1528.7,8.31,82,76,2.46,7.06,6.58,0.48,5.31,243,47.07,1.16
REC_00361,RJ02,CR04,2020_K,INS01,36481,7339,43820,36922,55636.65,162.01,18.73,2.0,3.24,13.55,13.55,30.34,Settled on Time,15,26.0,20,1938.0,1931.4,0.34,294,289,0.75,5.48,5.18,0.3,5.18,33,17.07,1.19
REC_00362,RJ02,CR01,2020_K,INS01,31398,9908,41306,33479,40455.67,176.71,17.2,2.0,3.53,13.43,13.43,30.39,Settled on Time,49,-24.9,49,3024.5,1939.3,35.88,160,158,1.03,60.61,56.86,3.75,56.86,70,187.1,1.27
REC_00363,RJ02,CR06,2020_R,INS01,26525,11870,38395,30310,45658.52,286.0,17.94,1.5,4.29,23.51,23.51,51.31,Settled on Time,18,1.5,16,1439.5,1439.5,0.0,248,238,2.16,10.71,10.18,0.53,10.18,51,19.84,1.21
REC_00364,RJ02,CR07,2020_R,INS01,34639,10407,45046,37625,42616.9,165.69,15.31,1.5,2.49,11.44,11.44,25.37,Delayed 3-6 Months,288,-5.7,2,1580.8,1580.8,0.0,194,182,0.52,3.8,3.5,0.3,2.68,320,10.56,1.37
REC_00365,RJ02,CR08,2020_R,INS01,29374,8893,38267,28412,45300.69,195.7,16.56,1.5,2.94,14.74,14.73,32.41,Settled on Time,43,8.0,1,2208.1,2208.1,0.0,177,172,3.82,2.89,2.69,0.2,2.69,65,8.3,1.32
REC_00366,RJ02,CR04,2021_K,INS01,14711,5227,19938,17187,21451.82,64.87,12.48,2.0,1.3,3.4,3.4,8.1,Settled on Time,28,-15.5,44,2866.0,2699.8,5.8,117,115,1.49,4.06,3.92,0.14,3.92,56,48.4,1.25
REC_00367,RJ02,CR01,2021_K,INS01,46338,19306,65644,52329,62445.81,283.25,17.12,2.0,5.66,21.42,21.41,48.49,Delayed 3-6 Months,168,-40.3,1,1587.6,1034.9,34.81,320,305,2.02,94.31,89.67,4.64,75.68,214,156.07,1.43
REC_00368,RJ02,CR06,2021_R,INS01,21538,8754,30292,24294,34813.86,226.15,14.07,1.5,3.39,14.22,14.21,31.82,Settled on Time,59,6.9,4,2141.6,2103.5,1.78,168,153,3.3,8.94,8.09,0.85,8.09,77,25.42,1.41
REC_00369,RJ02,CR07,2021_R,INS01,34112,14281,48393,41421,50224.68,202.51,15.56,1.5,3.04,14.24,14.23,31.51,Settled on Time,16,5.0,3,2186.5,2186.5,0.0,199,191,2.37,2.5,2.33,0.17,2.33,39,7.39,1.31
REC_00370,RJ02,CR08,2021_R,INS01,13342,4424,17766,15597,19461.11,87.19,16.13,1.5,1.31,6.38,6.37,14.06,Settled on Time,53,-13.2,20,1850.8,1850.8,0.0,83,75,0.51,1.3,1.2,0.1,1.2,81,8.53,1.19
REC_00371,RJ02,CR04,2022_K,INS01,11323,4826,16149,12672,18280.04,57.33,14.75,2.0,1.15,3.66,3.65,8.46,Settled on Time,60,7.2,1,2539.2,2539.2,0.0,84,78,2.91,0.89,0.85,0.04,0.85,89,10.05,1.17
REC_00372,RJ02,CR01,2022_K,INS01,34516,13425,47941,38116,49503.77,232.87,14.77,2.0,4.66,14.86,14.87,34.39,Delayed 3-6 Months,236,-15.9,1,1819.3,1683.5,7.46,243,230,4.46,17.13,16.26,0.87,13.67,268,39.75,1.15
REC_00373,RJ02,CR06,2022_R,INS01,33650,15428,49078,39713,47237.84,317.82,13.99,1.5,4.77,19.84,19.85,44.46,Settled on Time,29,-11.1,18,1432.5,1432.5,0.0,234,224,6.53,7.75,7.18,0.57,7.18,62,16.15,1.23
REC_00374,RJ02,CR07,2022_R,INS01,23545,11516,35061,28894,33672.23,140.62,16.5,1.5,2.11,10.54,10.55,23.2,Settled on Time,22,-23.7,7,2835.8,2677.3,5.59,153,147,2.62,7.61,7.14,0.47,7.14,46,30.78,1.24
REC_00375,RJ02,CR08,2022_R,INS01,33687,17477,51164,41743,48933.0,227.05,17.85,1.5,3.41,18.56,18.56,40.53,Settled on Time,22,4.1,0,1994.6,1899.0,4.79,196,179,0.2,5.97,5.52,0.45,5.52,39,13.62,1.15
REC_00376,RJ02,CR04,2023_K,INS01,24233,9421,33654,25991,42840.92,139.15,16.45,2.0,2.78,10.06,10.05,22.89,Settled on Time,24,-6.2,18,2873.9,1522.0,47.04,211,196,2.8,66.95,61.6,5.35,61.6,46,269.11,1.31
REC_00377,RJ02,CR01,2023_K,INS01,28960,12812,41772,31809,44268.77,215.68,12.79,2.0,4.31,11.64,11.64,27.59,Settled on Time,60,-24.6,2,1649.2,1209.0,26.69,187,181,3.45,55.14,51.04,4.1,51.04,94,184.99,1.16
REC_00378,RJ02,CR06,2023_R,INS01,10393,3638,14031,11964,17334.24,120.65,17.13,1.5,1.81,9.43,9.43,20.67,Delayed >6 Months,201,-24.9,52,2017.9,1275.3,36.8,75,70,2.97,46.42,42.86,3.56,31.07,252,150.31,1.28
REC_00379,RJ02,CR07,2023_R,INS01,34079,10330,44409,37805,59704.98,257.93,12.46,1.5,3.87,14.14,14.13,32.14,Settled on Time,45,18.1,3,2284.6,2223.4,2.68,330,304,0.94,7.78,7.37,0.41,7.37,60,22.93,1.14
REC_00380,RJ02,CR08,2023_R,INS01,25997,10122,36119,30228,41727.73,200.29,15.85,1.5,3.0,14.38,14.37,31.75,Delayed 3-6 Months,193,6.2,0,1584.0,1536.7,2.99,165,151,4.43,7.43,6.97,0.46,5.91,228,18.61,1.32
REC_00381,RJ03,CR04,2019_K,INS02,23985,6900,30885,23120,31822.52,89.1,18.26,2.0,1.78,7.24,7.25,16.27,Delayed 3-6 Months,286,11.3,3,1690.6,1690.6,0.0,132,130,1.13,2.74,2.57,0.17,2.17,342,13.34,1.25
REC_00382,RJ03,CR01,2019_K,INS02,36390,12256,48646,39720,60058.88,252.25,14.23,2.0,5.04,15.43,15.43,35.9,Settled on Time,19,21.7,28,2534.7,2534.7,0.0,261,238,3.07,4.51,4.3,0.21,4.3,47,11.98,1.28
REC_00383,RJ03,CR06,2019_R,INS02,17968,5585,23553,17230,25007.71,150.85,12.98,1.5,2.26,8.66,8.66,19.58,Delayed >6 Months,201,-8.6,0,2824.6,2685.7,4.92,105,101,3.81,5.03,4.68,0.35,3.64,239,18.59,1.32
REC_00384,RJ03,CR07,2019_R,INS02,28817,7246,36063,30407,49640.06,185.85,15.88,1.5,2.79,13.36,13.36,29.51,Delayed >6 Months,163,4.0,15,2255.6,1898.1,15.85,206,203,1.62,28.34,26.14,2.2,22.6,202,76.58,1.21
REC_00385,RJ03,CR08,2019_R,INS02,45754,17372,63126,48043,56892.07,236.67,16.1,1.5,3.55,17.27,17.28,38.1,Settled on Time,33,12.9,19,2556.2,2294.5,10.24,274,255,2.32,23.12,21.56,1.56,21.56,63,56.59,1.29
REC_00386,RJ03,CR04,2020_K,INS02,46751,12028,58779,44550,57039.25,166.1,15.08,2.0,3.32,10.86,10.87,25.05,Settled on Time,52,6.8,5,3061.7,3061.7,0.0,316,306,2.31,4.29,4.11,0.18,4.11,67,16.41,1.38
REC_00387,RJ03,CR01,2020_K,INS02,12262,4753,17015,12818,19378.73,84.65,16.61,2.0,1.69,6.18,6.19,14.06,Settled on Time,57,5.2,1,2671.9,2671.9,0.0,94,89,0.51,2.53,2.44,0.09,2.44,85,17.35,1.14
REC_00388,RJ03,CR06,2020_R,INS02,26898,12591,39489,30087,36267.82,227.18,18.12,1.5,3.41,18.88,18.88,41.17,Settled on Time,24,-0.1,6,1375.4,1363.2,0.89,171,165,2.84,2.97,2.73,0.24,2.73,49,6.63,1.35
REC_00389,RJ03,CR07,2020_R,INS02,19680,7272,26952,19516,27447.18,106.71,14.34,1.5,1.6,6.85,6.85,15.3,Settled on Time,45,2.5,5,2111.0,2108.3,0.13,150,147,1.17,2.44,2.27,0.17,2.27,74,14.84,1.1
REC_00390,RJ03,CR08,2020_R,INS02,47618,16456,64074,48834,61842.67,267.16,12.21,1.5,4.01,14.3,14.31,32.62,Delayed 3-6 Months,234,41.8,0,3172.7,3172.7,0.0,327,316,1.55,6.81,6.49,0.32,5.89,291,18.06,1.3
REC_00391,RJ03,CR04,2021_K,INS02,22902,8886,31788,26587,32721.2,98.95,15.11,2.0,1.98,6.48,6.49,14.95,Settled on Time,35,-31.5,34,3088.2,1806.9,41.49,174,161,0.14,41.43,38.87,2.56,38.87,63,260.0,1.23
REC_00392,RJ03,CR01,2021_K,INS02,37933,14968,52901,38657,58454.95,265.15,15.2,2.0,5.3,17.5,17.5,40.3,Settled on Time,59,-19.7,30,2429.1,2429.1,0.0,308,280,3.42,6.59,6.17,0.42,6.17,82,15.31,1.18
REC_00393,RJ03,CR06,2021_R,INS02,16554,5018,21572,16215,21818.56,141.73,12.01,1.5,2.13,7.44,7.45,17.02,Delayed 3-6 Months,200,14.0,6,1832.8,1832.8,0.0,120,117,0.21,3.06,2.86,0.2,2.03,231,11.93,1.26
REC_00394,RJ03,CR07,2021_R,INS02,24517,7720,32237,27453,42481.12,171.28,13.42,1.5,2.57,10.21,10.21,22.99,Delayed >6 Months,275,35.6,3,1833.2,1833.2,0.0,192,187,1.05,4.23,4.04,0.19,3.61,322,15.7,1.18
REC_00395,RJ03,CR08,2021_R,INS02,16919,5084,22003,19334,28455.99,127.48,12.86,1.5,1.91,7.24,7.24,16.39,Settled on Time,39,1.4,11,1989.6,1865.0,6.26,133,126,2.49,8.01,7.42,0.59,7.42,68,45.27,1.16
REC_00396,RJ03,CR04,2022_K,INS02,10757,3786,14543,12456,18979.41,59.52,17.99,2.0,1.19,4.76,4.76,10.71,Settled on Time,57,8.5,10,1537.7,1488.2,3.22,83,77,3.09,1.24,1.16,0.08,1.16,79,10.83,1.32
REC_00397,RJ03,CR01,2022_K,INS02,46260,17614,63874,47428,60062.96,282.54,16.32,2.0,5.65,20.23,20.23,46.11,Settled on Time,56,-17.0,23,3063.8,3035.9,0.91,325,318,0.8,3.15,2.9,0.25,2.9,77,6.29,1.15
REC_00398,RJ03,CR06,2022_R,INS02,24646,7329,31975,24428,38423.06,258.51,12.18,1.5,3.88,13.8,13.81,31.49,Settled on Time,46,-6.1,3,2990.2,2990.2,0.0,151,146,2.78,7.92,7.53,0.39,7.53,69,23.91,1.37
REC_00399,RJ03,CR07,2022_R,INS02,36820,17619,54439,46500,54197.63,226.33,16.53,1.5,3.39,17.01,17.01,37.41,Settled on Time,23,-3.5,1,1748.0,1748.0,0.0,268,248,1.08,8.53,7.99,0.54,7.99,45,21.36,1.36
REC_00400,RJ03,CR08,2022_R,INS02,17244,5163,22407,19142,27868.27,129.31,15.09,1.5,1.94,8.78,8.79,19.51,Settled on Time,52,5.3,7,1642.5,1533.9,6.61,127,121,3.26,9.01,8.45,0.56,8.45,71,43.31,1.24
REC_00401,RJ03,CR04,2023_K,INS02,42130,17476,59606,50604,56310.87,182.9,14.42,2.0,3.66,11.36,11.35,26.37,Delayed 3-6 Months,207,2.6,7,1691.3,1177.0,30.41,279,272,2.43,57.95,55.83,2.12,49.77,241,188.74,1.14
REC_00402,RJ03,CR01,2023_K,INS02,13390,6092,19482,16525,23783.61,115.87,14.73,2.0,2.32,7.38,7.37,17.07,Delayed >6 Months,98,17.5,2,1669.0,878.7,47.35,118,116,6.23,56.19,51.91,4.28,41.07,149,240.6,1.34
REC_00403,RJ03,CR06,2023_R,INS02,41973,18261,60234,49008,56663.56,394.38,14.54,1.5,5.92,25.71,25.71,57.34,Settled on Time,41,-2.2,4,1827.6,1827.6,0.0,300,289,1.39,15.49,14.52,0.97,14.52,74,25.32,1.13
REC_00404,RJ03,CR07,2023_R,INS02,16765,7195,23960,20380,24552.59,106.07,18.87,1.5,1.59,9.22,9.21,20.02,Settled on Time,24,21.8,3,1294.8,1260.6,2.64,125,118,4.36,4.16,3.82,0.34,3.82,47,19.08,1.2
REC_00405,RJ03,CR08,2023_R,INS02,38322,12679,51001,41044,51555.15,247.46,13.98,1.5,3.71,15.44,15.44,34.59,Delayed >6 Months,162,30.2,6,1435.9,1435.9,0.0,286,263,4.05,6.99,6.29,0.7,4.92,212,14.22,1.12
REC_00406,RJ04,CR04,2019_K,INS02,19576,6869,26445,20258,34812.37,97.47,10.94,2.0,1.95,4.36,4.35,10.66,Delayed >6 Months,261,11.1,8,2489.7,2416.0,2.96,191,178,2.58,3.38,3.24,0.14,2.94,314,27.58,1.05
REC_00407,RJ04,CR01,2019_K,INS02,14787,4551,19338,15168,24062.51,101.06,15.58,2.0,2.02,6.86,6.87,15.75,Delayed 3-6 Months,267,-12.8,59,1453.3,1453.3,0.0,114,107,0.02,3.48,3.23,0.25,2.61,305,16.57,1.05
REC_00408,RJ04,CR06,2019_R,INS02,34164,7726,41890,35057,46904.64,282.93,10.38,1.5,4.24,12.56,12.57,29.37,Settled on Time,39,34.9,0,1213.6,1213.6,0.0,184,175,1.26,4.59,4.35,0.24,4.35,60,14.81,1.05
REC_00409,RJ04,CR07,2019_R,INS02,35570,10933,46503,33972,48865.2,182.95,11.44,1.5,2.74,9.1,9.09,20.93,Settled on Time,55,19.5,3,3073.9,2794.8,9.08,243,223,0.82,17.42,16.91,0.51,16.91,81,80.79,1.05
REC_00410,RJ04,CR08,2019_R,INS02,22589,6866,29455,22684,33973.07,141.33,12.17,1.5,2.12,7.54,7.54,17.2,Settled on Time,46,-6.7,9,2942.6,2942.6,0.0,151,141,2.74,3.33,3.05,0.28,3.05,72,17.73,1.05
REC_00411,RJ04,CR04,2020_K,INS02,12981,4377,17358,14699,19845.87,57.79,14.5,2.0,1.16,3.61,3.61,8.38,Settled on Time,17,47.0,1,2620.3,2620.3,0.0,84,77,0.56,2.28,2.13,0.15,2.13,47,25.42,1.05
REC_00412,RJ04,CR01,2020_K,INS02,14716,5157,19873,14378,19279.98,84.21,15.82,2.0,1.68,5.82,5.82,13.32,Settled on Time,30,-2.6,0,2514.2,2317.4,7.83,81,75,0.29,6.9,6.51,0.39,6.51,53,48.87,1.05
REC_00413,RJ04,CR06,2020_R,INS02,28707,7172,35879,31435,34904.36,218.64,16.21,1.5,3.28,16.08,16.08,35.44,Settled on Time,33,-10.7,7,2375.6,2375.6,0.0,192,175,3.57,6.41,6.15,0.26,6.15,64,17.35,1.05
REC_00414,RJ04,CR07,2020_R,INS02,40145,13595,53740,40540,54413.76,211.56,10.38,1.5,3.17,9.4,9.39,21.96,Settled on Time,20,10.3,1,1557.3,1557.3,0.0,246,233,0.19,4.01,3.7,0.31,3.7,49,16.85,1.05
REC_00415,RJ04,CR08,2020_R,INS02,38669,7778,46447,38615,57888.28,250.08,11.54,1.5,3.75,12.56,12.55,28.86,Settled on Time,21,-4.6,4,1330.0,1330.0,0.0,229,224,1.77,5.74,5.29,0.45,5.29,45,18.33,1.05
REC_00416,RJ04,CR04,2021_K,INS02,41592,11650,53242,45022,62048.29,187.63,15.85,2.0,3.75,13.0,12.99,29.74,Settled on Time,60,10.2,5,1559.6,1512.5,3.02,258,251,1.03,2.15,1.98,0.17,1.98,85,6.66,1.05
REC_00417,RJ04,CR01,2021_K,INS02,17884,4240,22124,17808,24865.7,112.79,10.46,2.0,2.26,4.77,4.77,11.8,Settled on Time,43,-23.5,3,2825.4,2355.5,16.63,114,108,0.81,18.09,17.41,0.68,17.41,66,147.54,1.05
REC_00418,RJ04,CR06,2021_R,INS02,21167,6523,27690,21656,34844.47,226.35,11.3,1.5,3.4,11.09,11.09,25.58,Delayed 3-6 Months,102,-2.7,1,2351.0,2277.4,3.13,179,172,3.34,6.3,6.02,0.28,5.02,134,19.62,1.05
REC_00419,RJ04,CR07,2021_R,INS02,38641,13817,52458,43679,62961.77,253.86,14.23,1.5,3.81,16.16,16.15,36.12,Delayed >6 Months,170,22.3,21,2198.1,2198.1,0.0,247,236,0.04,4.38,4.14,0.24,3.24,213,8.97,1.05
REC_00420,RJ04,CR08,2021_R,INS02,45407,12605,58012,43007,64032.41,286.87,10.44,1.5,4.3,12.82,12.83,29.95,Settled on Time,42,8.7,10,1499.7,1368.8,8.73,283,263,1.82,24.8,23.81,0.99,23.81,60,79.5,1.05
REC_00421,RJ04,CR04,2022_K,INS02,35839,13448,49287,43068,44385.16,139.19,11.83,2.0,2.78,6.84,6.85,16.47,Delayed 3-6 Months,239,-5.1,7,2027.9,2027.9,0.0,220,203,0.42,3.75,3.46,0.29,2.51,292,15.24,1.05
REC_00422,RJ04,CR01,2022_K,INS02,38357,12863,51220,40496,48675.84,228.97,16.71,2.0,4.58,16.84,16.84,38.26,Settled on Time,26,8.8,3,3113.6,3113.6,0.0,235,231,1.34,4.03,3.8,0.23,3.8,51,9.93,1.05
REC_00423,RJ04,CR06,2022_R,INS02,24601,5471,30072,23008,29746.56,200.13,13.21,1.5,3.0,11.72,11.72,26.44,Delayed 3-6 Months,192,-13.1,21,1370.4,1370.4,0.0,128,123,2.27,6.6,6.34,0.26,5.15,228,19.48,1.05
REC_00424,RJ04,CR07,2022_R,INS02,14269,2884,17153,13636,24060.9,100.48,16.67,1.5,1.51,7.62,7.62,16.75,Settled on Time,30,-14.7,3,1832.2,1816.5,0.86,112,104,3.45,3.77,3.56,0.21,3.56,48,21.25,1.05
REC_00425,RJ04,CR08,2022_R,INS02,29236,9757,38993,30067,47583.99,220.79,11.87,1.5,3.31,11.45,11.45,26.21,Settled on Time,52,6.4,4,2048.8,2048.8,0.0,247,233,1.36,6.71,6.25,0.46,6.25,85,23.85,1.05
REC_00426,RJ04,CR04,2023_K,INS02,10364,3703,14067,11346,15901.6,51.65,12.37,2.0,1.03,2.68,2.68,6.39,Delayed 3-6 Months,160,20.9,6,2548.4,2548.4,0.0,65,62,5.6,1.12,1.06,0.06,0.96,192,15.02,1.05
REC_00427,RJ04,CR01,2023_K,INS02,32743,8727,41470,34367,47410.46,230.98,10.57,2.0,4.62,9.9,9.89,24.41,Settled on Time,57,27.3,12,1541.1,1496.2,2.91,188,180,1.4,8.55,8.06,0.49,8.06,77,33.02,1.05
REC_00428,RJ04,CR06,2023_R,INS02,24191,5764,29955,22854,34658.52,241.22,16.13,1.5,3.62,17.64,17.65,38.91,Delayed >6 Months,168,5.7,1,1889.0,1889.0,0.0,187,174,2.47,5.82,5.31,0.51,4.61,213,11.85,1.05
REC_00429,RJ04,CR07,2023_R,INS02,28410,4894,33304,26125,48537.36,209.68,16.45,1.5,3.15,15.67,15.67,34.49,Settled on Time,25,7.4,5,1895.5,1706.0,10.0,218,209,5.98,21.15,19.6,1.55,19.6,53,56.83,1.05
REC_00430,RJ04,CR08,2023_R,INS02,17355,6574,23929,18829,27493.37,131.97,16.48,1.5,1.98,9.88,9.89,21.75,Delayed >6 Months,245,23.6,0,2409.0,2407.8,0.05,135,132,5.13,1.46,1.36,0.1,1.04,299,4.78,1.05
REC_00431,RJ05,CR04,2019_K,INS06,37320,13801,51121,41749,55018.21,154.05,17.59,2.0,3.08,12.01,12.01,27.1,Delayed >6 Months,271,-27.5,5,2272.4,1832.9,19.34,254,240,2.8,29.9,28.41,1.49,23.54,312,86.86,1.26
REC_00432,RJ05,CR01,2019_K,INS06,31660,7712,39372,33894,41858.47,175.81,14.84,2.0,3.52,11.28,11.29,26.09,Delayed >6 Months,145,-6.4,4,2308.3,2308.3,0.0,186,179,1.53,2.48,2.33,0.15,1.74,176,6.67,1.21
REC_00433,RJ05,CR06,2019_R,INS06,13643,4052,17695,13147,22184.38,133.82,11.86,1.5,2.01,6.93,6.93,15.87,Settled on Time,45,-6.7,6,1873.8,1821.9,2.77,97,90,1.93,3.98,3.79,0.19,3.79,60,23.88,1.28
REC_00434,RJ05,CR07,2019_R,INS06,25475,7904,33379,26549,45287.97,169.56,15.81,1.5,2.54,12.14,12.13,26.81,Delayed 3-6 Months,186,-18.2,5,2208.8,2208.8,0.0,189,179,2.44,5.07,4.76,0.31,4.26,241,15.89,1.28
REC_00435,RJ05,CR08,2019_R,INS06,28656,8252,36908,28423,49575.28,206.23,17.08,1.5,3.09,16.07,16.06,35.22,Settled on Time,59,-7.5,14,2648.8,2648.8,0.0,233,216,0.62,3.62,3.42,0.2,3.42,81,9.71,1.44
REC_00436,RJ05,CR04,2020_K,INS06,27688,5298,32986,26867,34554.61,100.62,16.0,2.0,2.01,7.04,7.05,16.1,Delayed >6 Months,263,-26.8,0,2233.1,2039.9,8.65,156,143,3.07,8.46,7.66,0.8,6.8,299,42.24,1.21
REC_00437,RJ05,CR01,2020_K,INS06,17051,2978,20029,16572,25494.64,111.36,15.46,2.0,2.23,7.5,7.49,17.22,Settled on Time,15,12.3,0,1997.1,1925.6,3.58,131,121,4.41,1.54,1.38,0.16,1.38,34,8.01,1.37
REC_00438,RJ05,CR06,2020_R,INS06,24846,12278,37124,28563,31948.5,200.13,16.41,1.5,3.0,14.92,14.92,32.84,Settled on Time,58,-17.6,12,2664.5,2255.2,15.36,170,163,3.38,29.75,27.7,2.05,27.7,75,84.35,1.27
REC_00439,RJ05,CR07,2020_R,INS06,39248,15872,55120,48435,53180.76,206.77,16.61,1.5,3.1,15.62,15.62,34.34,Settled on Time,18,-3.2,10,1281.0,1192.6,6.9,280,259,4.38,14.87,13.71,1.16,13.71,40,39.92,1.3
REC_00440,RJ05,CR08,2020_R,INS06,25683,13516,39199,29020,32113.28,138.73,12.31,1.5,2.08,7.5,7.5,17.08,Settled on Time,46,-4.6,7,1858.0,1779.6,4.22,151,140,1.4,5.31,5.13,0.18,5.13,71,30.04,1.3
REC_00441,RJ05,CR04,2021_K,INS06,49621,21163,70784,60632,61009.85,184.49,13.49,2.0,3.69,10.6,10.6,24.89,Settled on Time,33,-10.9,19,2078.1,2062.7,0.74,332,326,1.3,2.53,2.42,0.11,2.42,49,9.72,1.3
REC_00442,RJ05,CR01,2021_K,INS06,30663,14855,45518,39043,46101.47,209.12,16.11,2.0,4.18,14.76,14.75,33.69,Settled on Time,29,13.1,7,1900.5,1900.5,0.0,181,166,1.96,5.76,5.42,0.34,5.42,44,16.09,1.21
REC_00443,RJ05,CR06,2021_R,INS06,34403,15912,50315,41846,55521.65,360.67,13.98,1.5,5.41,22.5,22.51,50.42,Settled on Time,37,-3.1,12,3160.9,3160.9,0.0,252,229,1.83,13.81,13.06,0.75,13.06,70,25.9,1.37
REC_00444,RJ05,CR07,2021_R,INS06,33740,14817,48557,39917,52771.86,212.78,16.2,1.5,3.19,15.64,15.64,34.47,Delayed 3-6 Months,159,7.2,9,2753.9,2748.7,0.19,211,195,2.54,4.96,4.62,0.34,3.77,190,10.94,1.32
REC_00445,RJ05,CR08,2021_R,INS06,43570,18798,62368,50828,56402.16,252.68,12.95,1.5,3.79,14.46,14.47,32.72,Settled on Time,57,-22.6,3,2535.2,2155.9,14.96,246,236,0.43,40.15,36.84,3.31,36.84,78,112.59,1.4
REC_00446,RJ05,CR04,2022_K,INS06,30751,10716,41467,33684,54076.16,169.58,13.72,2.0,3.39,9.94,9.94,23.27,Settled on Time,23,-32.4,7,2489.8,1700.0,31.72,217,208,1.07,51.18,47.97,3.21,47.97,51,206.15,1.31
REC_00447,RJ05,CR01,2022_K,INS06,33584,10272,43856,32393,51813.99,243.73,15.98,2.0,4.87,17.04,17.04,38.95,Settled on Time,55,-4.9,3,2308.6,2308.6,0.0,251,242,0.29,7.1,6.68,0.42,6.68,70,17.15,1.34
REC_00448,RJ05,CR06,2022_R,INS06,19145,9279,28424,23138,33802.09,227.42,13.57,1.5,3.41,13.72,13.73,30.86,Settled on Time,34,-25.7,11,1792.1,1486.9,17.03,152,140,5.16,38.51,36.06,2.45,36.06,60,116.85,1.27
REC_00449,RJ05,CR07,2022_R,INS06,32053,12094,44147,32378,43976.82,183.65,12.17,1.5,2.75,9.8,9.8,22.35,Settled on Time,17,-19.0,1,2825.9,2825.9,0.0,240,231,3.46,4.69,4.4,0.29,4.4,43,19.69,1.14
REC_00450,RJ05,CR08,2022_R,INS06,44559,16615,61174,50996,64849.53,300.9,14.35,1.5,4.51,19.34,19.33,43.18,Settled on Time,23,-18.1,22,1414.9,1309.1,7.48,261,252,1.49,22.13,20.84,1.29,20.84,38,48.26,1.24
REC_00451,RJ05,CR04,2023_K,INS06,24587,10154,34741,29566,43566.0,141.5,15.63,2.0,2.83,9.64,9.65,22.12,Delayed 3-6 Months,286,-16.3,15,3101.2,1938.9,37.48,219,203,2.3,53.58,50.93,2.65,41.31,316,186.75,1.15
REC_00452,RJ05,CR01,2023_K,INS06,35935,14037,49972,40114,59329.48,289.05,14.39,2.0,5.78,17.9,17.91,41.59,Settled on Time,27,-0.1,10,2645.2,1686.3,36.25,286,271,5.09,104.98,94.04,10.94,94.04,46,226.11,1.31
REC_00453,RJ05,CR06,2023_R,INS06,29493,11977,41470,34517,36648.65,255.07,15.39,1.5,3.83,17.72,17.71,39.26,Delayed 3-6 Months,188,-5.0,0,3073.1,2946.5,4.12,174,166,0.78,4.78,4.6,0.18,4.04,224,10.29,1.35
REC_00454,RJ05,CR07,2023_R,INS06,40987,17154,58141,46150,62164.92,268.55,14.08,1.5,4.03,16.89,16.89,37.81,Settled on Time,32,45.7,29,3075.5,2984.2,2.97,249,244,6.63,10.43,9.63,0.8,9.63,59,25.47,1.35
REC_00455,RJ05,CR08,2023_R,INS06,46429,21709,68138,54737,62529.6,300.14,13.68,1.5,4.5,18.28,18.28,41.06,Settled on Time,31,7.1,7,1845.8,1680.8,8.94,286,274,0.56,28.05,26.59,1.46,26.59,53,64.76,1.24
REC_00456,RJ06,CR04,2019_K,INS01,23229,8180,31409,25112,35459.83,99.29,11.34,2.0,1.99,4.64,4.63,11.26,Settled on Time,45,-21.1,2,3065.3,2558.6,16.53,155,149,3.63,16.38,14.79,1.59,14.79,76,131.35,1.05
REC_00457,RJ06,CR01,2019_K,INS01,44269,12212,56481,43247,57697.42,242.33,12.3,2.0,4.85,12.48,12.48,29.81,Settled on Time,33,-1.4,1,1663.7,1663.7,0.0,236,225,2.01,7.34,6.79,0.55,6.79,62,22.78,1.05
REC_00458,RJ06,CR06,2019_R,INS01,42851,17013,59864,50900,51423.55,310.19,16.73,1.5,4.65,23.62,23.62,51.89,Settled on Time,36,9.9,0,2677.6,2613.0,2.41,200,192,3.01,7.53,6.83,0.7,6.83,52,13.16,1.05
REC_00459,RJ06,CR07,2019_R,INS01,24845,8906,33751,27449,40055.99,149.97,16.76,1.5,2.25,11.44,11.44,25.13,Settled on Time,44,-3.8,2,2273.7,2273.7,0.0,158,154,1.89,5.67,5.35,0.32,5.35,76,21.29,1.05
REC_00460,RJ06,CR08,2019_R,INS01,20825,5899,26724,19765,34197.44,142.26,16.9,1.5,2.13,10.96,10.95,24.04,Settled on Time,24,32.4,3,1237.8,1237.8,0.0,181,171,0.43,4.43,4.18,0.25,4.18,57,17.39,1.05
REC_00461,RJ06,CR04,2020_K,INS01,26840,5836,32676,25135,39459.83,114.91,10.7,2.0,2.3,5.0,5.0,12.3,Settled on Time,29,-21.9,6,2741.6,2109.7,23.05,191,177,3.39,26.91,24.76,2.15,24.76,56,201.3,1.05
REC_00462,RJ06,CR01,2020_K,INS01,45267,10889,56156,42949,55536.03,242.58,11.42,2.0,4.85,11.42,11.43,27.7,Settled on Time,58,-16.1,13,2527.4,2527.4,0.0,263,254,0.73,3.01,2.85,0.16,2.85,91,10.29,1.05
REC_00463,RJ06,CR06,2020_R,INS01,40766,15141,55907,46803,51075.59,319.94,14.68,1.5,4.8,21.08,21.09,46.97,Settled on Time,50,-4.6,1,2224.0,2061.9,7.29,228,217,2.99,24.59,22.29,2.3,22.29,66,47.46,1.05
REC_00464,RJ06,CR07,2020_R,INS01,18874,7011,25885,20729,28256.16,109.86,15.64,1.5,1.65,7.76,7.77,17.18,Settled on Time,40,-5.4,9,1529.5,1529.5,0.0,135,125,5.7,1.43,1.29,0.14,1.29,62,7.51,1.05
REC_00465,RJ06,CR08,2020_R,INS01,29003,6377,35380,30481,47426.71,204.88,14.71,1.5,3.07,13.54,13.53,30.14,Delayed 3-6 Months,211,-21.0,51,2710.1,1777.0,34.43,241,225,2.32,73.58,69.35,4.23,51.77,259,171.77,1.05
REC_00466,RJ06,CR04,2021_K,INS01,46020,12872,58892,48753,63800.7,192.93,14.19,2.0,3.86,11.76,11.76,27.38,Settled on Time,58,10.4,0,3196.8,3080.2,3.65,265,259,3.3,7.0,6.65,0.35,6.65,74,24.29,1.05
REC_00467,RJ06,CR01,2021_K,INS01,31979,6674,38653,33113,54405.95,246.79,15.21,2.0,4.94,16.3,16.3,37.54,Delayed 3-6 Months,258,25.1,3,1588.0,1580.5,0.47,268,254,4.45,8.25,7.8,0.45,5.55,314,14.78,1.05
REC_00468,RJ06,CR06,2021_R,INS01,13929,4672,18601,14611,18777.72,121.98,16.53,1.5,1.83,9.16,9.17,20.16,Settled on Time,21,-2.9,3,2269.7,1623.3,28.48,74,68,4.38,33.04,30.72,2.32,30.72,45,152.38,1.05
REC_00469,RJ06,CR07,2021_R,INS01,10004,2400,12404,10042,16128.48,65.03,12.51,1.5,0.98,3.58,3.58,8.14,Settled on Time,45,-20.9,4,2269.6,2037.0,10.25,82,77,3.66,6.74,6.44,0.3,6.44,71,79.12,1.05
REC_00470,RJ06,CR08,2021_R,INS01,18607,5454,24061,20882,28220.21,126.43,14.24,1.5,1.9,8.05,8.05,18.0,Delayed >6 Months,238,-47.1,53,2754.4,949.2,65.54,139,135,4.59,86.27,81.02,5.25,62.02,276,344.56,1.05
REC_00471,RJ06,CR04,2022_K,INS01,38327,6523,44850,37424,51278.41,160.81,11.6,2.0,3.22,7.72,7.71,18.65,Delayed >6 Months,260,-2.5,3,2151.8,2151.8,0.0,279,275,0.51,4.63,4.46,0.17,3.31,315,17.75,1.05
REC_00472,RJ06,CR01,2022_K,INS01,19475,7349,26824,22159,27812.75,130.83,12.79,2.0,2.62,7.06,7.05,16.73,Delayed >6 Months,274,0.3,11,3109.3,2786.5,10.38,109,107,0.06,14.46,13.91,0.55,12.55,328,75.01,1.05
REC_00473,RJ06,CR06,2022_R,INS01,37000,8755,45755,33719,63942.8,430.21,11.19,1.5,6.45,20.84,20.85,48.14,Delayed 3-6 Months,130,-0.1,11,2998.5,2998.5,0.0,278,253,4.33,6.61,6.07,0.54,4.87,174,10.12,1.05
REC_00474,RJ06,CR07,2022_R,INS01,20514,4535,25049,20105,36384.59,151.94,15.55,1.5,2.28,10.68,10.67,23.63,Delayed 3-6 Months,221,-1.4,3,2127.4,2114.6,0.6,194,185,1.09,1.87,1.74,0.13,1.46,256,6.18,1.05
REC_00475,RJ06,CR08,2022_R,INS01,23570,6976,30546,23926,38471.74,178.51,12.66,1.5,2.68,9.96,9.96,22.6,Delayed 3-6 Months,232,-4.0,7,1349.5,1337.1,0.92,177,173,1.41,4.15,3.86,0.29,3.36,263,14.87,1.05
REC_00476,RJ06,CR04,2023_K,INS01,34036,8588,42624,33062,44657.8,145.05,13.68,2.0,2.9,8.47,8.47,19.84,Delayed 3-6 Months,266,-11.2,2,1266.9,1266.9,0.0,205,202,2.36,1.92,1.8,0.12,1.54,313,7.76,1.05
REC_00477,RJ06,CR01,2023_K,INS01,45553,15232,60785,48958,56638.95,275.94,13.05,2.0,5.52,15.24,15.25,36.01,Settled on Time,59,22.8,15,2192.4,2192.4,0.0,230,216,2.09,8.91,8.59,0.32,8.59,78,23.85,1.05
REC_00478,RJ06,CR06,2023_R,INS01,18784,3839,22623,16773,28713.09,199.84,17.01,1.5,3.0,15.5,15.49,33.99,Settled on Time,41,-7.2,3,1911.2,1855.2,2.93,118,112,3.14,4.25,3.96,0.29,3.96,62,11.65,1.05
REC_00479,RJ06,CR07,2023_R,INS01,18827,3286,22113,18654,27095.29,117.05,11.6,1.5,1.76,5.91,5.91,13.58,Settled on Time,24,4.2,10,2827.7,2827.7,0.0,123,113,2.71,1.54,1.39,0.15,1.39,56,10.24,1.05
REC_00480,RJ06,CR08,2023_R,INS01,28013,9577,37590,28210,49394.93,237.1,13.5,1.5,3.56,14.22,14.23,32.01,Settled on Time,56,-1.1,9,1972.9,1972.9,0.0,239,228,0.73,7.1,6.78,0.32,6.78,74,21.18,1.05
REC_00481,UP01,CR02,2019_K,INS05,51041,16464,67505,48837,61817.63,340.0,15.44,2.0,6.8,22.85,22.85,52.5,Delayed 3-6 Months,199,-34.6,2,1952.8,1429.0,26.82,264,256,5.71,88.55,82.99,5.56,62.2,244,118.48,1.3
REC_00482,UP01,CR05,2019_K,INS05,47252,17940,65192,55462,62247.37,236.54,15.97,2.0,4.73,16.52,16.53,37.78,Settled on Time,32,-13.5,0,1810.9,1810.9,0.0,259,236,4.29,7.32,6.84,0.48,6.84,50,18.1,1.24
REC_00483,UP01,CR06,2019_R,INS05,24874,4635,29509,23642,43998.39,265.4,14.35,1.5,3.98,17.05,17.05,38.08,Delayed 3-6 Months,208,-6.0,2,2839.7,2838.3,0.05,196,185,1.06,10.35,9.77,0.58,7.68,263,20.17,1.25
REC_00484,UP01,CR07,2019_R,INS05,31825,11041,42866,34512,42600.91,159.5,17.71,1.5,2.39,12.93,12.93,28.25,Delayed 3-6 Months,187,-10.1,22,2800.1,2688.7,3.98,205,189,2.0,2.49,2.28,0.21,1.73,223,6.12,1.27
REC_00485,UP01,CR08,2019_R,INS05,30053,7053,37106,27723,39942.55,166.16,17.08,1.5,2.49,12.94,12.95,28.38,Delayed >6 Months,234,-1.9,8,2671.9,2424.7,9.25,209,206,1.06,14.88,13.78,1.1,11.07,287,39.01,1.36
REC_00486,UP01,CR02,2020_K,INS05,28061,4892,32953,25370,45230.64,258.72,16.51,2.0,5.17,18.77,18.77,42.71,Settled on Time,56,10.0,2,2575.9,2444.6,5.1,185,172,1.06,12.92,12.33,0.59,12.33,75,28.87,1.45
REC_00487,UP01,CR05,2020_K,INS05,16093,6279,22372,16633,24870.19,98.29,18.85,2.0,1.97,8.28,8.28,18.53,Delayed 3-6 Months,143,12.4,10,3172.1,3172.1,0.0,127,123,0.84,2.35,2.21,0.14,2.03,184,10.96,1.32
REC_00488,UP01,CR06,2020_R,INS05,23168,10554,33722,29340,33262.21,208.35,15.85,1.5,3.13,14.94,14.95,33.02,Settled on Time,44,-2.1,1,2204.3,2184.4,0.9,183,170,1.46,5.67,5.18,0.49,5.18,71,15.69,1.25
REC_00489,UP01,CR07,2020_R,INS05,36816,12429,49245,36487,61517.56,239.18,16.78,1.5,3.59,18.27,18.27,40.13,Delayed 3-6 Months,258,27.5,9,2450.4,2407.3,1.76,237,225,4.22,6.67,6.21,0.46,4.84,298,12.06,1.32
REC_00490,UP01,CR08,2020_R,INS05,32706,11029,43735,34945,52563.66,227.07,17.59,1.5,3.41,18.26,18.27,39.94,Delayed 3-6 Months,180,48.8,10,2522.5,2522.5,0.0,247,242,1.34,8.12,7.39,0.73,5.65,231,14.15,1.14
REC_00491,UP01,CR02,2021_K,INS05,20681,7807,28488,23205,35340.46,209.92,15.58,2.0,4.2,14.26,14.25,32.71,Delayed 3-6 Months,239,-11.5,1,2347.9,2339.5,0.36,141,133,2.79,7.45,6.95,0.5,6.29,293,19.23,1.34
REC_00492,UP01,CR05,2021_K,INS05,10469,3528,13997,12117,15251.28,62.59,13.27,2.0,1.25,3.53,3.53,8.31,Delayed >6 Months,236,-12.4,5,1619.7,1619.7,0.0,66,60,2.08,1.42,1.32,0.1,1.03,294,12.39,1.12
REC_00493,UP01,CR06,2021_R,INS05,28055,13503,41558,31145,48669.57,316.16,14.12,1.5,4.74,19.95,19.95,44.64,Delayed 3-6 Months,154,-6.1,11,2637.8,2600.6,1.41,204,187,2.74,3.38,3.18,0.2,2.33,200,5.22,1.42
REC_00494,UP01,CR07,2021_R,INS05,20254,5874,26128,19516,34573.99,139.4,12.26,1.5,2.09,7.5,7.5,17.09,Delayed 3-6 Months,247,13.6,0,2412.8,2412.8,0.0,159,156,1.76,2.56,2.34,0.22,1.95,295,11.41,1.29
REC_00495,UP01,CR08,2021_R,INS05,13355,7049,20404,17417,19592.52,87.77,18.3,1.5,1.32,7.37,7.37,16.06,Delayed >6 Months,132,-9.7,4,2554.3,2554.3,0.0,78,75,0.98,2.22,2.1,0.12,1.71,182,10.65,1.24
REC_00496,UP01,CR02,2022_K,INS05,21208,7914,29122,24424,27565.38,169.8,17.35,2.0,3.4,13.03,13.03,29.46,Settled on Time,49,-18.8,15,2341.4,2239.5,4.35,126,120,7.98,5.52,5.16,0.36,5.16,65,17.52,1.44
REC_00497,UP01,CR05,2022_K,INS05,50838,20106,70944,53193,62849.59,267.49,15.45,2.0,5.35,17.99,17.99,41.33,Delayed 3-6 Months,264,-23.5,16,1824.0,1243.4,31.83,248,242,0.13,89.91,85.19,4.72,65.73,308,159.04,1.39
REC_00498,UP01,CR06,2022_R,INS05,12382,6235,18617,16224,21230.71,142.84,14.83,1.5,2.14,9.52,9.52,21.18,Settled on Time,23,-25.2,7,1552.3,1333.1,14.12,92,87,3.64,21.07,19.06,2.01,19.06,44,89.99,1.28
REC_00499,UP01,CR07,2022_R,INS05,13041,4527,17568,12932,15703.98,65.58,13.87,1.5,0.98,4.06,4.06,9.1,Delayed >6 Months,155,-27.4,43,2985.6,1774.6,40.56,67,64,0.33,27.22,26.34,0.88,23.78,189,261.32,1.18
REC_00500,UP01,CR08,2022_R,INS05,25871,11316,37187,28155,42906.71,199.09,12.06,1.5,2.99,10.51,10.51,24.01,Delayed 3-6 Months,162,-18.1,42,2019.7,1854.9,8.16,193,182,5.18,15.98,15.21,0.77,12.6,198,52.48,1.15
REC_00501,UP01,CR02,2023_K,INS05,29645,13903,43548,34863,47691.5,304.27,18.31,2.0,6.09,24.81,24.81,55.71,Delayed >6 Months,229,-40.5,73,1748.3,604.2,65.44,243,229,2.71,189.99,176.2,13.79,151.1,271,271.23,1.37
REC_00502,UP01,CR05,2023_K,INS05,19770,6492,26262,20471,26350.06,116.15,17.98,2.0,2.32,9.28,9.28,20.88,Delayed 3-6 Months,209,-22.3,16,2641.6,1851.3,29.92,132,121,1.91,36.19,34.53,1.66,26.16,254,125.29,1.21
REC_00503,UP01,CR06,2023_R,INS05,17220,5140,22360,18619,23381.08,162.73,15.49,1.5,2.44,11.38,11.39,25.21,Settled on Time,47,6.3,0,2708.6,2708.6,0.0,128,119,2.13,4.03,3.69,0.34,3.69,74,14.64,1.34
REC_00504,UP01,CR07,2023_R,INS05,48286,21173,69459,55126,64675.08,279.4,12.33,1.5,4.19,15.13,15.13,34.45,Settled on Time,43,17.6,5,1263.7,1117.5,11.57,297,292,7.05,32.89,29.45,3.44,29.45,65,85.49,1.41
REC_00505,UP01,CR08,2023_R,INS05,19743,5975,25718,21790,27011.36,129.65,14.97,1.5,1.94,8.74,8.73,19.41,Settled on Time,54,-11.2,41,2867.8,2867.8,0.0,120,115,2.28,3.08,2.88,0.2,2.88,71,14.84,1.28
REC_00506,UP02,CR02,2019_K,INS04,20693,4514,25207,21224,27120.94,149.17,15.09,2.0,2.98,9.76,9.77,22.51,Delayed >6 Months,263,-15.1,17,2655.2,2655.2,0.0,128,120,4.48,2.25,2.14,0.11,1.79,302,7.95,1.11
REC_00507,UP02,CR05,2019_K,INS04,44480,20469,64949,54218,59432.13,225.84,17.44,2.0,4.52,17.43,17.44,39.39,Settled on Time,44,1.7,1,1668.4,1668.4,0.0,290,271,1.76,2.45,2.28,0.17,2.28,78,5.79,1.22
REC_00508,UP02,CR06,2019_R,INS04,13573,5235,18808,15901,20932.79,126.27,16.46,1.5,1.89,9.44,9.45,20.78,Delayed 3-6 Months,217,-9.3,2,2283.8,2246.8,1.62,87,85,1.11,4.26,4.08,0.18,3.09,262,14.87,1.22
REC_00509,UP02,CR07,2019_R,INS04,39094,14085,53179,43229,58025.57,217.25,17.51,1.5,3.26,17.39,17.39,38.04,Settled on Time,42,-4.5,2,2862.8,2802.1,2.12,294,278,0.2,2.3,2.14,0.16,2.14,62,5.63,1.11
REC_00510,UP02,CR08,2019_R,INS04,19955,3448,23403,19051,35144.48,146.2,15.61,1.5,2.19,10.32,10.31,22.82,Settled on Time,46,-7.4,14,1368.0,1273.3,6.92,150,147,4.18,10.02,9.33,0.69,9.33,68,40.89,1.25
REC_00511,UP02,CR02,2020_K,INS04,51040,19879,70919,56510,63963.09,365.87,16.47,2.0,7.32,26.47,26.47,60.26,Settled on Time,43,-8.5,12,1920.9,1920.9,0.0,304,299,0.5,5.24,4.93,0.31,4.93,58,8.18,1.21
REC_00512,UP02,CR05,2020_K,INS04,32782,13205,45987,39542,48859.54,193.09,14.61,2.0,3.86,12.18,12.17,28.21,Delayed 3-6 Months,250,-0.9,0,2891.3,2738.9,5.27,193,179,0.74,10.3,9.87,0.43,8.44,285,29.92,1.29
REC_00513,UP02,CR06,2020_R,INS04,15598,4629,20227,15209,27662.27,173.28,13.8,1.5,2.6,10.66,10.65,23.91,Delayed 3-6 Months,254,-1.9,3,1665.5,1557.0,6.51,116,110,2.58,11.08,10.41,0.67,8.09,309,33.84,1.14
REC_00514,UP02,CR07,2020_R,INS04,33676,15414,49090,42453,43282.24,168.28,15.14,1.5,2.52,11.48,11.48,25.48,Delayed 3-6 Months,178,11.2,4,3054.8,3054.8,0.0,191,184,8.15,5.65,5.2,0.45,3.75,227,14.72,1.41
REC_00515,UP02,CR08,2020_R,INS04,33465,16615,50080,36074,59387.68,256.55,14.76,1.5,3.85,17.01,17.01,37.87,Delayed 3-6 Months,170,25.0,11,1932.5,1747.0,9.6,283,278,4.78,23.97,22.17,1.8,19.49,223,51.47,1.38
REC_00516,UP02,CR02,2021_K,INS04,37264,18452,55716,48080,50401.19,299.38,13.46,2.0,5.99,17.16,17.15,40.3,Delayed >6 Months,120,-15.1,2,3151.2,3130.7,0.65,217,206,3.77,7.51,6.99,0.52,5.16,158,12.8,1.16
REC_00517,UP02,CR05,2021_K,INS04,13893,4535,18428,14062,24783.31,101.71,16.23,2.0,2.03,7.24,7.24,16.51,Settled on Time,22,15.3,6,1507.9,1451.6,3.74,124,115,2.67,2.29,2.13,0.16,2.13,40,12.9,1.26
REC_00518,UP02,CR06,2021_R,INS04,32261,15351,47612,40683,45051.29,292.65,14.37,1.5,4.39,18.83,18.83,42.05,Settled on Time,56,18.0,12,1407.2,1407.2,0.0,241,231,2.58,7.32,6.86,0.46,6.86,77,16.31,1.34
REC_00519,UP02,CR07,2021_R,INS04,30948,16140,47088,35912,52978.09,213.61,17.11,1.5,3.2,16.68,16.67,36.55,Settled on Time,50,15.2,3,2554.2,2521.5,1.28,222,218,3.38,2.27,2.11,0.16,2.11,75,5.77,1.28
REC_00520,UP02,CR08,2021_R,INS04,36466,11978,48444,37738,63701.56,285.38,15.07,1.5,4.28,19.36,19.37,43.01,Settled on Time,28,-2.8,3,2797.0,2360.1,15.62,256,249,4.1,42.64,39.63,3.01,39.63,50,92.14,1.19
REC_00521,UP02,CR02,2022_K,INS04,29929,10423,40352,29372,49733.59,306.36,18.04,2.0,6.13,24.57,24.57,55.27,Settled on Time,29,32.9,0,3074.2,3074.2,0.0,249,226,3.62,7.92,7.33,0.59,7.33,49,13.26,1.11
REC_00522,UP02,CR05,2022_K,INS04,13869,6461,20330,15672,16862.69,71.77,17.67,2.0,1.44,5.62,5.62,12.68,Settled on Time,44,-16.1,10,2106.0,1873.3,11.05,83,76,2.64,8.04,7.45,0.59,7.45,69,58.75,1.36
REC_00523,UP02,CR06,2022_R,INS04,33078,14937,48015,41281,50296.83,338.4,15.13,1.5,5.08,23.06,23.06,51.2,Delayed >6 Months,175,-49.3,9,2728.5,1739.4,36.25,200,182,2.12,121.81,117.07,4.74,96.44,219,188.36,1.14
REC_00524,UP02,CR07,2022_R,INS04,27772,13125,40897,35370,45624.48,190.53,14.97,1.5,2.86,12.83,12.83,28.52,Delayed >6 Months,190,-25.6,55,2930.9,1868.4,36.25,212,199,0.8,66.55,61.25,5.3,47.05,249,164.97,1.14
REC_00525,UP02,CR08,2022_R,INS04,50145,17299,67444,49062,62912.56,291.91,17.04,1.5,4.38,22.68,22.68,49.74,Settled on Time,58,-5.9,13,2068.1,2049.5,0.9,273,266,2.65,11.47,10.44,1.03,10.44,75,20.99,1.39
REC_00526,UP02,CR02,2023_K,INS04,19778,7958,27736,22427,35491.92,226.44,15.81,2.0,4.53,15.64,15.63,35.8,Settled on Time,19,-19.7,6,1350.0,854.6,36.7,146,140,2.1,84.87,78.93,5.94,78.93,35,220.47,1.27
REC_00527,UP02,CR05,2023_K,INS04,18629,8334,26963,23344,24685.01,108.81,14.93,2.0,2.18,7.04,7.03,16.25,Delayed 3-6 Months,205,-22.5,4,2497.5,1980.0,20.72,98,93,3.31,22.92,20.77,2.15,18.53,239,114.03,1.16
REC_00528,UP02,CR06,2023_R,INS04,23923,10437,34360,29702,32882.03,228.86,18.84,1.5,3.43,19.84,19.85,43.12,Delayed >6 Months,128,-14.5,19,2876.3,2876.3,0.0,148,141,2.63,8.88,8.33,0.55,7.21,180,16.72,1.19
REC_00529,UP02,CR07,2023_R,INS04,25103,10118,35221,30685,43593.48,188.32,13.6,1.5,2.82,11.4,11.39,25.61,Settled on Time,52,-20.6,1,2982.9,2430.8,18.51,177,173,1.89,35.56,33.45,2.11,33.45,78,130.61,1.26
REC_00530,UP02,CR08,2023_R,INS04,10061,3981,14042,11433,17398.38,83.51,13.07,1.5,1.25,4.83,4.83,10.91,Settled on Time,50,-1.0,0,1690.6,1690.6,0.0,68,63,2.17,1.31,1.24,0.07,1.24,74,11.37,1.43
REC_00531,UP03,CR02,2019_K,INS05,16697,5393,22090,16957,27367.57,150.52,15.04,2.0,3.01,9.82,9.81,22.64,Delayed 3-6 Months,185,7.8,0,2797.4,2660.6,4.89,147,145,0.75,3.66,3.4,0.26,2.66,220,11.75,1.26
REC_00532,UP03,CR05,2019_K,INS05,13015,2953,15968,13002,23287.45,88.49,16.24,2.0,1.77,6.3,6.3,14.37,Settled on Time,42,5.5,5,2524.4,2502.7,0.86,114,112,0.99,1.53,1.42,0.11,1.42,61,9.88,1.28
REC_00533,UP03,CR06,2019_R,INS05,36746,9698,46444,36207,59390.91,358.25,15.04,1.5,5.37,24.26,24.25,53.88,Settled on Time,18,-9.2,1,2468.0,2321.6,5.93,246,235,1.15,20.8,19.94,0.86,19.94,36,37.01,1.37
REC_00534,UP03,CR07,2019_R,INS05,17446,4840,22286,18112,26449.36,99.03,17.99,1.5,1.49,8.16,8.17,17.82,Settled on Time,53,-10.3,36,2102.2,2102.2,0.0,115,109,1.37,3.22,3.06,0.16,3.06,82,17.17,1.12
REC_00535,UP03,CR08,2019_R,INS05,21806,4884,26690,22612,35393.0,147.23,16.27,1.5,2.21,10.87,10.87,23.95,Delayed 3-6 Months,224,-15.7,15,1907.1,1620.5,15.03,162,156,1.63,21.89,20.22,1.67,17.69,260,73.86,1.44
REC_00536,UP03,CR02,2020_K,INS05,22923,7752,30675,25631,40120.14,229.49,12.45,2.0,4.59,11.99,11.99,28.57,Delayed >6 Months,152,-9.4,1,1217.6,1217.6,0.0,165,154,4.58,5.11,4.78,0.33,4.15,184,14.53,1.22
REC_00537,UP03,CR05,2020_K,INS05,45853,18078,63931,56119,56862.0,224.72,12.47,2.0,4.49,11.76,11.77,28.02,Settled on Time,37,-1.2,2,1944.8,1888.8,2.88,245,237,4.04,8.25,7.56,0.69,7.56,56,26.98,1.25
REC_00538,UP03,CR06,2020_R,INS05,32196,16651,48847,36174,39702.14,248.69,16.73,1.5,3.73,18.94,18.94,41.61,Settled on Time,38,17.1,4,1251.3,1251.3,0.0,209,196,1.88,9.13,8.48,0.65,8.48,62,20.38,1.4
REC_00539,UP03,CR07,2020_R,INS05,22408,8053,30461,22559,38568.41,149.95,17.84,1.5,2.25,12.25,12.25,26.75,Delayed 3-6 Months,152,2.1,6,2978.2,2978.2,0.0,167,162,1.2,5.16,4.82,0.34,4.38,192,16.37,1.14
REC_00540,UP03,CR08,2020_R,INS05,32221,16778,48999,35582,40325.06,174.2,17.12,1.5,2.61,13.6,13.61,29.82,Settled on Time,50,10.7,5,1937.2,1917.1,1.04,177,165,1.32,2.27,2.07,0.2,2.07,72,6.94,1.13
REC_00541,UP03,CR02,2021_K,INS05,22026,9080,31106,25853,34364.56,204.13,12.24,2.0,4.08,10.46,10.45,24.99,Settled on Time,54,-48.2,6,2838.5,1527.4,46.19,178,162,0.35,96.79,89.65,7.14,89.65,82,358.74,1.31
REC_00542,UP03,CR05,2021_K,INS05,23977,9318,33295,28458,35589.1,146.06,13.46,2.0,2.92,8.37,8.37,19.66,Delayed >6 Months,101,-28.7,0,2502.6,1931.0,22.84,143,131,0.84,34.8,32.57,2.23,25.13,131,127.82,1.36
REC_00543,UP03,CR06,2021_R,INS05,15133,5902,21035,17087,25737.68,167.19,17.96,1.5,2.51,13.76,13.76,30.03,Settled on Time,57,0.0,13,1943.0,1867.6,3.88,119,110,1.03,3.23,3.07,0.16,3.07,78,10.22,1.34
REC_00544,UP03,CR07,2021_R,INS05,10188,3494,13682,12039,17906.69,72.2,13.05,1.5,1.08,4.17,4.17,9.42,Settled on Time,32,-1.5,10,1646.8,1646.8,0.0,75,71,3.67,1.49,1.35,0.14,1.35,50,14.33,1.15
REC_00545,UP03,CR08,2021_R,INS05,27498,9248,36746,28754,43845.48,196.43,18.48,1.5,2.95,16.68,16.67,36.3,Delayed 3-6 Months,290,-33.5,5,2536.7,1902.8,24.99,171,165,3.39,52.24,49.11,3.13,37.62,326,103.64,1.11
REC_00546,UP03,CR02,2022_K,INS05,9959,4496,14455,11935,17150.7,105.65,16.15,2.0,2.11,7.48,7.47,17.06,Delayed 3-6 Months,96,13.5,13,2160.5,2160.5,0.0,67,64,2.57,2.93,2.77,0.16,1.97,154,11.55,1.32
REC_00547,UP03,CR05,2022_K,INS05,36649,13741,50390,40414,58845.95,250.45,16.58,2.0,5.01,18.26,18.25,41.52,Delayed 3-6 Months,263,46.5,22,1707.3,1537.3,9.96,277,273,6.02,24.18,22.31,1.87,19.7,293,47.45,1.2
REC_00548,UP03,CR06,2022_R,INS05,10433,4834,15267,12943,15122.73,101.75,18.47,1.5,1.53,8.63,8.63,18.79,Delayed 3-6 Months,257,-35.6,16,1709.3,964.5,43.57,59,57,4.76,42.25,40.05,2.2,33.8,311,179.88,1.45
REC_00549,UP03,CR07,2022_R,INS05,20721,10630,31351,23410,32318.18,134.96,16.87,1.5,2.02,10.38,10.37,22.77,Settled on Time,20,-45.7,25,1378.0,744.9,45.94,176,161,2.43,61.06,55.6,5.46,55.6,42,244.18,1.12
REC_00550,UP03,CR08,2022_R,INS05,19761,7650,27411,20936,30011.36,139.25,12.77,1.5,2.09,7.84,7.85,17.78,Settled on Time,28,-52.8,30,3192.3,1750.0,45.18,130,125,0.31,65.06,59.63,5.43,59.63,58,335.38,1.11
REC_00551,UP03,CR02,2023_K,INS05,21328,7781,29109,24219,31615.5,201.71,17.63,2.0,4.03,15.76,15.77,35.56,Delayed 3-6 Months,135,0.9,9,3178.7,2074.7,34.73,151,146,2.66,72.52,67.15,5.37,50.1,165,140.89,1.25
REC_00552,UP03,CR05,2023_K,INS05,25189,12869,38058,30621,43475.59,191.64,17.13,2.0,3.83,14.5,14.5,32.83,Delayed >6 Months,240,11.3,4,2692.2,1597.8,40.65,239,231,0.64,81.86,78.19,3.67,60.31,290,183.7,1.3
REC_00553,UP03,CR06,2023_R,INS05,16675,8407,25082,20820,23111.48,160.86,18.75,1.5,2.41,13.88,13.87,30.16,Settled on Time,18,-37.0,26,3083.9,1781.6,42.23,127,122,0.76,64.73,60.55,4.18,60.55,40,200.76,1.25
REC_00554,UP03,CR07,2023_R,INS05,40841,21010,61851,46310,56602.04,244.52,16.49,1.5,3.67,18.32,18.33,40.32,Delayed >6 Months,107,-4.9,7,1704.4,1608.4,5.63,234,219,1.72,14.36,13.09,1.27,11.16,165,27.68,1.29
REC_00555,UP03,CR08,2023_R,INS05,25199,11158,36357,26356,45010.93,216.05,16.92,1.5,3.24,16.66,16.66,36.56,Settled on Time,32,1.5,16,2791.2,2495.9,10.58,173,158,2.79,22.17,21.09,1.08,21.09,59,57.69,1.14
REC_00556,UP04,CR02,2019_K,INS05,16611,4843,21454,17122,28259.04,155.42,16.19,2.0,3.11,11.02,11.03,25.16,Settled on Time,42,-22.6,4,1979.3,1443.5,27.07,112,110,4.06,43.58,41.67,1.91,41.67,73,165.62,1.05
REC_00557,UP04,CR05,2019_K,INS05,18801,7276,26077,20567,27437.16,104.26,12.69,2.0,2.09,5.57,5.57,13.23,Settled on Time,43,-3.9,0,2002.9,1977.9,1.25,128,120,1.46,1.39,1.29,0.1,1.29,61,9.75,1.05
REC_00558,UP04,CR06,2019_R,INS05,26696,10105,36801,29219,40510.8,244.36,11.56,1.5,3.67,12.29,12.29,28.25,Delayed 3-6 Months,226,-3.1,1,2948.5,2948.5,0.0,207,201,0.86,6.5,6.04,0.46,5.42,283,19.19,1.05
REC_00559,UP04,CR07,2019_R,INS05,17739,3120,20859,16276,31425.45,117.66,15.87,1.5,1.76,8.46,8.45,18.67,Delayed 3-6 Months,167,-22.9,5,1746.2,1319.2,24.45,146,141,0.48,28.32,27.3,1.02,19.65,213,105.25,1.05
REC_00560,UP04,CR08,2019_R,INS05,16121,3891,20012,15310,20688.12,86.06,13.83,1.5,1.29,5.3,5.31,11.9,Settled on Time,52,13.2,11,2722.7,2722.7,0.0,80,72,1.16,2.38,2.26,0.12,2.26,78,18.99,1.05
REC_00561,UP04,CR02,2020_K,INS05,42055,7261,49316,39121,51535.34,294.78,10.52,2.0,5.9,12.56,12.55,31.01,Delayed >6 Months,106,-33.1,19,1628.1,1232.1,24.32,230,211,1.33,69.11,64.9,4.21,52.07,164,167.91,1.05
REC_00562,UP04,CR05,2020_K,INS05,37320,11692,49012,38856,62241.77,245.98,12.09,2.0,4.92,12.41,12.41,29.74,Delayed >6 Months,109,-11.5,52,2405.8,2405.8,0.0,338,333,3.67,2.66,2.42,0.24,1.77,165,5.95,1.05
REC_00563,UP04,CR06,2020_R,INS05,39643,12077,51720,39825,51488.63,322.52,10.85,1.5,4.84,15.08,15.07,34.99,Delayed 3-6 Months,149,-0.6,13,2007.0,2007.0,0.0,244,239,1.59,7.03,6.81,0.22,5.18,196,14.8,1.05
REC_00564,UP04,CR07,2020_R,INS05,42938,8429,51367,44562,54963.3,213.7,14.86,1.5,3.21,14.28,14.27,31.76,Settled on Time,31,-3.4,6,2738.4,2488.4,9.13,262,243,1.24,20.87,19.08,1.79,19.08,50,60.08,1.05
REC_00565,UP04,CR08,2020_R,INS05,37614,14608,52222,41360,54911.06,237.22,14.81,1.5,3.56,15.78,15.79,35.13,Delayed 3-6 Months,222,1.1,4,1655.6,1655.6,0.0,228,218,0.47,8.19,7.48,0.71,5.91,252,16.82,1.05
REC_00566,UP04,CR02,2021_K,INS05,14759,4659,19418,16428,23489.63,139.53,11.38,2.0,2.79,6.54,6.55,15.88,Settled on Time,26,-30.6,25,2576.0,1650.2,35.94,122,115,4.47,51.43,47.67,3.76,47.67,48,300.19,1.05
REC_00567,UP04,CR05,2021_K,INS05,14469,2710,17179,12640,20981.52,86.11,12.51,2.0,1.72,4.53,4.52,10.77,Delayed 3-6 Months,153,10.4,3,2715.7,2715.7,0.0,94,90,4.24,2.6,2.49,0.11,2.0,188,18.57,1.05
REC_00568,UP04,CR06,2021_R,INS05,25938,7276,33214,28258,46368.78,301.21,13.15,1.5,4.52,17.55,17.54,39.61,Settled on Time,57,-1.1,15,2771.6,1859.2,32.92,207,192,2.78,99.55,95.85,3.7,95.85,89,241.98,1.05
REC_00569,UP04,CR07,2021_R,INS05,15074,2652,17726,13895,23713.93,95.61,16.5,1.5,1.43,7.18,7.17,15.78,Settled on Time,19,-18.1,6,3010.2,2006.9,33.33,119,109,0.24,30.83,28.76,2.07,28.76,38,182.26,1.05
REC_00570,UP04,CR08,2021_R,INS05,46860,10369,57229,50348,57879.38,259.3,12.63,1.5,3.89,14.43,14.43,32.75,Settled on Time,17,-31.1,16,2652.2,1772.5,33.17,282,275,0.18,83.56,79.39,4.17,79.39,38,242.41,1.05
REC_00571,UP04,CR02,2022_K,INS05,21154,6025,27179,23657,35045.14,215.88,11.66,2.0,4.32,10.42,10.43,25.17,Settled on Time,44,26.8,5,2294.1,2294.1,0.0,190,178,3.55,5.68,5.17,0.51,5.17,76,20.54,1.05
REC_00572,UP04,CR05,2022_K,INS05,16398,4095,20493,14892,23019.69,97.97,13.79,2.0,1.96,5.78,5.77,13.51,Settled on Time,35,-4.1,9,2455.4,2304.9,6.13,109,100,2.95,5.87,5.63,0.24,5.63,61,41.67,1.05
REC_00573,UP04,CR06,2022_R,INS05,41713,15413,57126,46208,52823.88,355.4,14.43,1.5,5.33,22.98,22.97,51.28,Delayed 3-6 Months,276,4.1,16,2212.7,2212.7,0.0,232,224,1.22,8.98,8.2,0.78,6.73,334,13.12,1.05
REC_00574,UP04,CR07,2022_R,INS05,14692,5337,20029,16597,24014.51,100.28,13.85,1.5,1.5,6.2,6.19,13.89,Delayed 3-6 Months,198,4.7,12,1444.6,1427.5,1.18,96,90,3.33,1.8,1.73,0.07,1.4,231,10.08,1.05
REC_00575,UP04,CR08,2022_R,INS05,38603,10638,49241,36139,52718.8,244.62,11.61,1.5,3.67,12.36,12.37,28.4,Delayed 3-6 Months,253,-24.3,18,3034.9,2187.2,27.93,224,218,1.79,70.59,65.51,5.08,51.83,284,182.5,1.05
REC_00576,UP04,CR02,2023_K,INS05,33736,9531,43267,37381,54222.08,345.94,11.95,2.0,6.92,17.21,17.21,41.34,Delayed >6 Months,187,14.6,11,2230.0,2230.0,0.0,284,263,0.35,11.82,11.24,0.58,9.82,227,23.75,1.05
REC_00577,UP04,CR05,2023_K,INS05,19142,5011,24153,20881,23355.0,102.95,11.27,2.0,2.06,4.77,4.77,11.6,Delayed >6 Months,157,-1.1,17,1479.3,1479.3,0.0,104,96,1.14,3.9,3.57,0.33,3.06,213,26.38,1.05
REC_00578,UP04,CR06,2023_R,INS05,21686,6854,28540,23396,30982.4,215.64,12.97,1.5,3.23,12.37,12.37,27.97,Settled on Time,40,5.1,12,2070.0,2070.0,0.0,130,121,2.01,7.43,7.02,0.41,7.02,66,25.1,1.05
REC_00579,UP04,CR07,2023_R,INS05,14328,5469,19797,16181,18698.16,80.78,16.25,1.5,1.21,5.96,5.96,13.13,Settled on Time,40,15.9,46,2459.3,2459.3,0.0,76,73,6.29,0.86,0.8,0.06,0.8,57,6.09,1.05
REC_00580,UP04,CR08,2023_R,INS05,15286,2732,18018,13606,26648.61,127.91,11.77,1.5,1.92,6.57,6.57,15.06,Settled on Time,36,14.0,1,1528.5,1319.2,13.69,133,126,1.05,18.12,17.29,0.83,17.29,62,114.81,1.05
REC_00581,UP05,CR02,2019_K,INS05,30514,8333,38847,30051,53607.63,294.84,13.25,2.0,5.9,16.58,16.59,39.07,Delayed >6 Months,114,-15.6,7,1496.8,1496.8,0.0,232,228,3.64,6.56,6.22,0.34,4.91,146,12.57,1.05
REC_00582,UP05,CR05,2019_K,INS05,36822,10575,47397,35044,49770.36,189.13,16.05,2.0,3.78,13.29,13.29,30.36,Settled on Time,22,51.8,5,2021.0,1847.8,8.57,254,246,0.62,16.34,15.2,1.14,15.2,49,50.07,1.05
REC_00583,UP05,CR06,2019_R,INS05,28997,6948,35945,27734,47219.81,284.83,13.07,1.5,4.27,16.48,16.48,37.23,Delayed 3-6 Months,184,-5.6,0,1285.6,1254.8,2.39,236,216,3.99,6.26,5.81,0.45,5.1,239,13.7,1.05
REC_00584,UP05,CR07,2019_R,INS05,40175,13468,53643,39582,60485.92,226.46,13.96,1.5,3.4,14.1,14.11,31.61,Delayed >6 Months,260,-5.6,7,1714.0,1714.0,0.0,328,298,1.79,4.34,4.17,0.17,3.42,315,10.82,1.05
REC_00585,UP05,CR08,2019_R,INS05,35497,10779,46276,38611,48903.02,203.44,15.1,1.5,3.05,13.84,13.83,30.72,Settled on Time,30,16.9,14,2357.9,2305.1,2.24,228,219,4.06,2.84,2.66,0.18,2.66,48,8.66,1.05
REC_00586,UP05,CR02,2020_K,INS05,23300,9468,32768,28808,33181.39,189.8,10.8,2.0,3.8,8.35,8.35,20.5,Delayed 3-6 Months,139,-6.1,1,2231.1,2231.1,0.0,147,136,0.65,4.38,4.05,0.33,3.56,177,17.37,1.05
REC_00587,UP05,CR05,2020_K,INS05,18157,3798,21955,15955,31985.73,126.41,13.18,2.0,2.53,7.06,7.07,16.66,Delayed >6 Months,262,13.0,17,2266.4,2173.9,4.08,170,162,1.61,3.52,3.22,0.3,2.73,321,16.39,1.05
REC_00588,UP05,CR06,2020_R,INS05,10421,3790,14211,10946,18151.68,113.7,16.81,1.5,1.71,8.7,8.7,19.11,Delayed >6 Months,255,13.0,14,2715.3,2715.3,0.0,80,73,3.16,1.21,1.12,0.09,0.94,314,4.92,1.05
REC_00589,UP05,CR07,2020_R,INS05,24945,7947,32892,28027,34902.16,135.7,16.56,1.5,2.04,10.22,10.21,22.47,Delayed >6 Months,289,7.6,11,2053.3,1933.2,5.85,159,147,2.85,8.12,7.63,0.49,6.47,320,28.79,1.05
REC_00590,UP05,CR08,2020_R,INS05,14135,3536,17671,13559,21196.96,91.57,10.47,1.5,1.37,4.11,4.11,9.59,Delayed >6 Months,239,-6.0,15,2583.6,2322.2,10.12,88,85,1.12,9.53,9.13,0.4,8.24,296,85.92,1.05
REC_00591,UP05,CR02,2021_K,INS05,37379,15230,52609,39938,64459.21,382.89,15.9,2.0,7.66,26.61,26.61,60.88,Delayed >6 Months,177,1.4,12,1661.9,1590.6,4.29,357,325,1.1,4.72,4.53,0.19,3.56,212,5.85,1.05
REC_00592,UP05,CR05,2021_K,INS05,37672,7241,44913,35817,54611.12,224.12,10.64,2.0,4.48,9.68,9.69,23.85,Settled on Time,55,-17.3,2,1679.2,1679.2,0.0,270,257,3.7,7.93,7.29,0.64,7.29,89,30.57,1.05
REC_00593,UP05,CR06,2021_R,INS05,23194,9285,32479,27787,40550.24,263.41,12.17,1.5,3.95,14.06,14.05,32.06,Delayed 3-6 Months,215,-19.5,3,2296.2,1384.4,39.71,216,202,1.3,105.46,96.47,8.99,77.46,253,241.61,1.05
REC_00594,UP05,CR07,2021_R,INS05,18375,5451,23826,17563,22091.44,89.07,12.74,1.5,1.34,5.0,5.01,11.35,Settled on Time,34,-8.1,6,1751.4,1235.4,29.46,86,80,3.42,26.73,24.21,2.52,24.21,57,213.3,1.05
REC_00595,UP05,CR08,2021_R,INS05,39806,16044,55850,48789,58490.62,262.04,12.3,1.5,3.93,14.15,14.15,32.23,Settled on Time,52,-18.7,39,2895.2,2079.6,28.17,236,218,1.51,79.47,74.91,4.56,74.91,68,232.42,1.05
REC_00596,UP05,CR02,2022_K,INS05,34082,9427,43509,33479,52455.78,323.13,13.52,2.0,6.46,18.61,18.62,43.69,Delayed 3-6 Months,174,-31.5,7,2714.0,1826.8,32.69,234,217,3.43,105.26,95.85,9.41,76.65,225,175.44,1.05
REC_00597,UP05,CR05,2022_K,INS05,13756,5557,19313,16403,19776.81,84.17,11.12,2.0,1.68,3.84,3.84,9.36,Settled on Time,17,7.0,2,1859.6,1720.9,7.46,82,77,4.4,6.74,6.13,0.61,6.13,43,65.49,1.05
REC_00598,UP05,CR06,2022_R,INS05,26923,7321,34244,26471,47340.28,318.51,16.84,1.5,4.78,24.43,24.43,53.64,Delayed >6 Months,114,-18.1,35,1846.1,1846.1,0.0,246,242,0.75,3.41,3.16,0.25,2.62,162,4.88,1.05
REC_00599,UP05,CR07,2022_R,INS05,13256,2488,15744,12063,17586.04,73.44,14.39,1.5,1.1,4.74,4.73,10.57,Delayed >6 Months,118,-10.5,15,2424.3,2424.3,0.0,88,81,3.76,2.66,2.43,0.23,2.05,160,19.39,1.05
REC_00600,UP05,CR08,2022_R,INS05,15718,5654,21372,16419,28098.78,130.38,15.93,1.5,1.96,9.4,9.41,20.77,Delayed 3-6 Months,213,-7.0,9,1794.2,1794.2,0.0,148,143,1.56,4.39,4.05,0.34,3.15,256,15.17,1.05
REC_00601,UP05,CR02,2023_K,INS05,25078,6218,31296,27155,44748.42,285.49,11.89,2.0,5.71,14.12,14.11,33.94,Delayed >6 Months,284,-12.6,81,2540.5,2193.0,13.68,221,205,1.1,40.19,38.76,1.43,34.4,332,101.36,1.05
REC_00602,UP05,CR05,2023_K,INS05,39349,8329,47678,37942,63042.78,277.89,14.54,2.0,5.56,17.42,17.43,40.41,Settled on Time,43,-12.5,0,1229.8,1229.8,0.0,294,279,0.88,2.89,2.79,0.1,2.79,65,6.9,1.05
REC_00603,UP05,CR06,2023_R,INS05,15916,5085,21001,16959,22698.72,157.98,11.62,1.5,2.37,8.0,7.99,18.36,Settled on Time,51,32.3,2,2428.1,2368.6,2.45,101,94,3.14,3.88,3.71,0.17,3.71,71,20.21,1.05
REC_00604,UP05,CR07,2023_R,INS05,38899,10440,49339,36097,59515.72,257.11,15.0,1.5,3.86,17.36,17.35,38.57,Settled on Time,35,3.1,8,2428.1,2428.1,0.0,261,242,4.58,8.79,8.32,0.47,8.32,55,21.57,1.05
REC_00605,UP05,CR08,2023_R,INS05,35252,12641,47893,35482,48975.4,235.08,15.34,1.5,3.53,16.26,16.27,36.06,Settled on Time,47,16.3,0,1225.2,1211.8,1.09,235,218,3.35,6.83,6.39,0.44,6.39,71,17.72,1.05
REC_00606,UP06,CR02,2019_K,INS01,38958,11373,50331,36844,49123.95,270.18,11.71,2.0,5.4,13.12,13.12,31.64,Delayed 3-6 Months,121,2.1,1,2170.5,2170.5,0.0,237,217,4.04,3.6,3.41,0.19,2.74,180,8.66,1.37
REC_00607,UP06,CR05,2019_K,INS01,42786,20441,63227,46563,59911.46,227.66,11.57,2.0,4.55,10.9,10.89,26.34,Settled on Time,36,-24.3,34,3054.5,1876.4,38.57,247,235,5.16,89.51,81.01,8.5,81.01,70,307.56,1.24
REC_00608,UP06,CR06,2019_R,INS01,42202,14976,57178,44566,53169.53,320.72,11.48,1.5,4.81,16.0,16.01,36.82,Settled on Time,20,17.4,3,2421.3,2421.3,0.0,251,243,5.56,12.73,11.96,0.77,11.96,43,32.48,1.2
REC_00609,UP06,CR07,2019_R,INS01,32112,7694,39806,29178,53255.58,199.39,11.28,1.5,2.99,9.75,9.75,22.49,Delayed 3-6 Months,158,30.6,3,2020.7,2020.7,0.0,265,260,3.2,7.64,7.08,0.56,5.49,206,24.41,1.42
REC_00610,UP06,CR08,2019_R,INS01,19093,7602,26695,19956,28699.53,119.39,16.24,1.5,1.79,8.8,8.8,19.39,Settled on Time,43,5.7,6,2559.4,2559.4,0.0,122,113,0.67,1.7,1.59,0.11,1.59,62,8.2,1.38
REC_00611,UP06,CR02,2020_K,INS01,42747,16546,59293,44537,54185.15,309.94,15.49,2.0,6.2,20.9,20.91,48.01,Delayed >6 Months,188,10.1,29,2964.8,2964.8,0.0,287,265,2.96,6.11,5.76,0.35,4.87,232,10.14,1.38
REC_00612,UP06,CR05,2020_K,INS01,13617,2523,16140,12121,22795.93,90.09,15.79,2.0,1.8,6.22,6.21,14.23,Delayed 3-6 Months,199,9.0,13,1705.4,1661.5,2.57,115,112,0.13,1.81,1.7,0.11,1.21,247,8.5,1.15
REC_00613,UP06,CR06,2020_R,INS01,39998,9479,49477,42280,56529.17,354.1,11.55,1.5,5.31,17.8,17.79,40.9,Settled on Time,58,-18.8,9,1940.0,1884.1,2.88,235,215,1.2,9.64,9.06,0.58,9.06,82,22.15,1.26
REC_00614,UP06,CR07,2020_R,INS01,15290,4241,19531,17057,25281.47,98.29,13.03,1.5,1.47,5.67,5.67,12.81,Delayed >6 Months,260,3.1,8,3081.4,2926.7,5.02,102,95,2.51,5.16,4.82,0.34,3.81,298,29.74,1.45
REC_00615,UP06,CR08,2020_R,INS01,15157,3360,18517,16209,18585.53,80.29,18.05,1.5,1.2,6.64,6.65,14.49,Delayed 3-6 Months,237,-19.8,19,2960.2,2928.2,1.08,76,71,1.15,2.44,2.25,0.19,1.8,284,12.42,1.19
REC_00616,UP06,CR02,2021_K,INS01,26398,4795,31193,26883,47295.83,280.94,15.14,2.0,5.62,18.45,18.46,42.53,Settled on Time,33,-1.9,2,3109.8,3109.8,0.0,243,225,1.32,3.83,3.71,0.12,3.71,58,8.72,1.45
REC_00617,UP06,CR05,2021_K,INS01,35918,13601,49519,41847,49748.26,204.17,11.31,2.0,4.08,9.51,9.5,23.09,Delayed >6 Months,249,5.8,11,1801.1,1801.1,0.0,228,215,1.02,6.81,6.49,0.32,4.89,285,21.18,1.15
REC_00618,UP06,CR06,2021_R,INS01,27229,9200,36429,30193,42566.53,276.51,13.25,1.5,4.15,16.24,16.25,36.64,Settled on Time,36,-26.8,7,2563.0,2155.3,15.91,202,188,1.03,42.16,39.07,3.09,39.07,55,106.63,1.24
REC_00619,UP06,CR07,2021_R,INS01,13630,4889,18519,15717,18206.76,73.41,12.65,1.5,1.1,4.1,4.09,9.29,Delayed >6 Months,184,-10.5,7,1468.5,879.9,40.08,73,71,2.04,31.71,29.39,2.32,26.76,220,288.05,1.4
REC_00620,UP06,CR08,2021_R,INS01,17320,3594,20914,16785,31067.62,139.18,16.75,1.5,2.09,10.61,10.61,23.31,Delayed >6 Months,264,-34.3,10,2136.2,1506.2,29.49,136,124,3.39,42.15,40.49,1.66,28.35,312,121.62,1.17
REC_00621,UP06,CR02,2022_K,INS01,15449,2823,18272,14072,24594.38,151.5,12.25,2.0,3.03,7.76,7.77,18.56,Settled on Time,53,32.8,6,2523.5,2523.5,0.0,131,120,4.01,4.61,4.24,0.37,4.24,85,22.84,1.27
REC_00622,UP06,CR05,2022_K,INS01,15814,5181,20995,17175,21722.85,92.45,14.92,2.0,1.85,5.97,5.97,13.79,Settled on Time,20,-2.9,8,2474.8,2442.4,1.31,89,82,3.99,2.93,2.8,0.13,2.8,46,20.3,1.15
REC_00623,UP06,CR06,2022_R,INS01,37564,7366,44930,33224,63365.96,426.33,15.36,1.5,6.39,29.54,29.55,65.48,Delayed 3-6 Months,179,-0.4,2,1269.8,1269.8,0.0,336,327,2.88,7.63,7.26,0.37,6.3,237,9.62,1.35
REC_00624,UP06,CR07,2022_R,INS01,37312,9785,47097,37118,59073.34,246.69,11.73,1.5,3.7,12.62,12.62,28.94,Settled on Time,57,-5.1,0,2591.0,2319.4,10.48,263,245,0.29,26.08,24.45,1.63,24.45,89,84.49,1.4
REC_00625,UP06,CR08,2022_R,INS01,43701,7793,51494,39226,59521.11,276.18,13.15,1.5,4.14,16.09,16.09,36.32,Settled on Time,58,-26.1,43,2498.5,1520.8,39.13,249,243,0.86,107.71,98.74,8.97,98.74,84,271.86,1.36
REC_00626,UP06,CR02,2023_K,INS01,32453,6012,38465,31005,39505.96,252.05,16.23,2.0,5.04,17.93,17.94,40.91,Settled on Time,20,-15.9,4,2643.8,2643.8,0.0,164,154,5.67,4.06,3.7,0.36,3.7,53,9.04,1.24
REC_00627,UP06,CR05,2023_K,INS01,17499,4870,22369,17145,23992.22,105.76,12.84,2.0,2.12,5.73,5.73,13.58,Delayed 3-6 Months,187,-29.7,23,1215.7,728.4,40.08,119,114,2.85,44.88,41.2,3.68,31.75,220,233.8,1.13
REC_00628,UP06,CR06,2023_R,INS01,12720,2318,15038,11638,19713.8,137.21,16.47,1.5,2.06,10.27,10.27,22.6,Delayed 3-6 Months,149,37.9,2,2726.6,2726.6,0.0,82,79,3.35,4.0,3.8,0.2,3.23,191,14.29,1.31
REC_00629,UP06,CR07,2023_R,INS01,34263,12462,46725,39040,51703.2,223.36,15.51,1.5,3.35,15.64,15.65,34.64,Delayed >6 Months,144,-24.5,2,2871.9,2614.9,8.95,215,208,1.94,20.18,19.12,1.06,14.05,179,40.56,1.33
REC_00630,UP06,CR08,2023_R,INS01,33396,6573,39969,29240,42521.52,204.1,16.41,1.5,3.06,15.22,15.21,33.49,Delayed 3-6 Months,114,5.0,8,1316.9,1316.9,0.0,168,165,2.01,3.37,3.19,0.18,2.67,149,7.97,1.19
REC_00631,OD01,CR02,2019_K,INS04,28662,10456,39118,33943,38403.04,211.22,16.89,2.0,4.22,15.73,15.73,35.68,Delayed >6 Months,224,24.2,7,2365.4,2365.4,0.0,152,141,2.39,2.29,2.19,0.1,1.62,255,4.54,1.33
REC_00632,OD01,CR05,2019_K,INS04,39923,17761,57684,43501,56850.39,216.03,13.93,2.0,4.32,12.88,12.89,30.09,Settled on Time,48,11.8,1,2441.1,2170.4,11.09,235,224,0.5,25.0,23.41,1.59,23.41,66,77.8,1.23
REC_00633,OD01,CR10,2019_K,INS04,26447,6609,33056,28689,38391.9,172.76,16.99,2.0,3.46,12.94,12.95,29.35,Delayed 3-6 Months,253,8.7,4,2560.1,2517.4,1.67,157,143,0.13,5.83,5.35,0.48,4.23,311,14.41,1.39
REC_00634,OD01,CR08,2019_R,INS04,24340,6657,30997,25088,39052.56,162.46,12.06,1.5,2.44,8.57,8.58,19.59,Delayed 3-6 Months,136,-3.1,11,2849.9,2828.8,0.74,196,183,7.55,3.08,2.9,0.18,2.03,169,10.36,1.38
REC_00635,OD01,CR02,2020_K,INS04,43313,12648,55961,41606,63071.57,360.77,15.51,2.0,7.22,24.37,24.37,55.96,Delayed >6 Months,254,7.8,18,1591.4,1591.4,0.0,261,238,0.94,7.65,7.24,0.41,5.55,303,9.92,1.42
REC_00636,OD01,CR05,2020_K,INS04,26630,6242,32872,28159,35029.77,138.44,15.65,2.0,2.77,9.45,9.45,21.67,Settled on Time,25,-19.0,10,1757.0,1757.0,0.0,137,134,2.68,5.03,4.69,0.34,4.69,46,21.64,1.17
REC_00637,OD01,CR10,2020_K,INS04,34937,9831,44768,33790,55016.24,257.48,13.99,2.0,5.15,15.44,15.43,36.02,Settled on Time,17,2.5,3,2242.8,2165.5,3.45,227,212,3.71,9.39,8.81,0.58,8.81,33,24.46,1.44
REC_00638,OD01,CR08,2020_R,INS04,23349,10473,33822,27309,36750.6,158.76,13.09,1.5,2.38,9.2,9.2,20.78,Delayed >6 Months,155,15.3,5,2177.1,2096.4,3.71,194,177,0.73,4.73,4.45,0.28,3.28,214,15.78,1.23
REC_00639,OD01,CR02,2021_K,INS04,13597,6771,20368,17556,20346.28,120.86,11.73,2.0,2.42,5.88,5.88,14.18,Settled on Time,54,-21.0,0,2895.6,2341.4,19.14,81,77,4.08,23.64,21.29,2.35,21.29,88,150.14,1.14
REC_00640,OD01,CR05,2021_K,INS04,38320,14647,52967,43331,57477.19,235.89,12.04,2.0,4.72,11.84,11.84,28.4,Delayed >6 Months,209,4.7,1,2052.8,2050.5,0.11,225,212,1.86,8.03,7.55,0.48,6.64,255,23.38,1.22
REC_00641,OD01,CR10,2021_K,INS04,29373,12419,41792,30468,47897.54,232.78,12.84,2.0,4.66,12.62,12.61,29.89,Delayed 3-6 Months,215,-33.0,20,1236.7,904.9,26.83,199,185,4.54,60.03,55.84,4.19,49.52,263,165.67,1.2
REC_00642,OD01,CR08,2021_R,INS04,22190,11575,33765,29135,36038.01,161.45,14.05,1.5,2.42,10.13,10.13,22.68,Settled on Time,27,-5.6,9,2448.7,2448.7,0.0,181,171,1.43,5.14,4.93,0.21,4.93,52,21.74,1.13
REC_00643,OD01,CR02,2022_K,INS04,43405,21968,65373,56951,61044.31,376.03,11.69,2.0,7.52,18.22,18.22,43.96,Settled on Time,51,-5.8,16,2236.8,2236.8,0.0,328,301,3.15,7.89,7.57,0.32,7.57,85,17.22,1.11
REC_00644,OD01,CR05,2022_K,INS04,43894,12834,56728,47099,62382.58,265.5,18.51,2.0,5.31,21.92,21.91,49.14,Settled on Time,44,6.8,7,2678.8,2678.8,0.0,320,315,3.43,10.44,9.67,0.77,9.67,76,19.68,1.43
REC_00645,OD01,CR10,2022_K,INS04,31887,9273,41160,29898,48767.73,245.79,13.06,2.0,4.92,13.59,13.59,32.1,Settled on Time,39,-8.6,2,1920.1,1920.1,0.0,228,209,2.34,7.14,6.54,0.6,6.54,62,20.37,1.32
REC_00646,OD01,CR08,2022_R,INS04,36788,14398,51186,42133,62678.61,290.83,12.89,1.5,4.36,16.57,16.56,37.49,Delayed 3-6 Months,136,-8.8,5,3055.3,3047.3,0.26,294,291,1.18,3.19,2.94,0.25,2.24,189,5.97,1.2
REC_00647,OD01,CR02,2023_K,INS04,13851,5208,19059,15556,24716.32,157.69,15.92,2.0,3.15,10.98,10.97,25.1,Settled on Time,53,-0.0,7,2007.5,1217.5,39.35,127,121,1.9,65.72,59.85,5.87,59.85,73,238.45,1.16
REC_00648,OD01,CR05,2023_K,INS04,24180,8319,32499,23420,39199.54,172.79,14.05,2.0,3.46,10.41,10.41,24.28,Delayed 3-6 Months,259,-37.7,7,1539.7,1098.6,28.65,207,203,1.99,48.97,46.77,2.2,40.71,310,167.67,1.32
REC_00649,OD01,CR10,2023_K,INS04,19686,10251,29937,22386,34360.89,179.36,13.21,2.0,3.59,10.05,10.05,23.69,Delayed 3-6 Months,121,-31.0,10,2363.6,1711.5,27.59,154,144,2.93,47.29,45.37,1.92,37.27,154,157.32,1.11
REC_00650,OD01,CR08,2023_R,INS04,15319,7006,22325,16797,23575.65,113.16,16.33,1.5,1.7,8.39,8.39,18.48,Settled on Time,48,9.6,3,2507.6,2507.6,0.0,90,88,1.57,3.6,3.28,0.32,3.28,75,17.75,1.35
REC_00651,OD02,CR02,2019_K,INS03,39109,8317,47426,34160,53098.49,292.04,14.2,2.0,5.84,17.82,17.81,41.47,Settled on Time,33,-1.1,17,1480.5,1480.5,0.0,238,227,0.77,6.39,6.14,0.25,6.14,59,14.81,1.34
REC_00652,OD02,CR05,2019_K,INS03,28486,8786,37272,31855,41605.99,158.1,13.29,2.0,3.16,8.93,8.92,21.01,Delayed 3-6 Months,210,18.0,3,1794.6,1707.4,4.86,191,175,3.15,6.02,5.45,0.57,4.96,265,23.61,1.23
REC_00653,OD02,CR10,2019_K,INS03,12089,4308,16397,14035,18634.2,83.85,18.72,2.0,1.68,7.01,7.01,15.7,Settled on Time,24,-36.9,3,1209.6,852.0,29.56,84,80,1.36,26.25,25.22,1.03,25.22,56,160.64,1.34
REC_00654,OD02,CR08,2019_R,INS03,17895,6988,24883,18044,23511.65,97.81,14.99,1.5,1.47,6.6,6.59,14.66,Settled on Time,20,21.9,12,1920.8,1920.8,0.0,109,107,2.27,2.19,2.02,0.17,2.02,37,13.78,1.19
REC_00655,OD02,CR02,2020_K,INS03,11875,4357,16232,11751,17331.8,99.14,16.48,2.0,1.98,7.18,7.18,16.34,Settled on Time,29,21.0,7,1872.2,1766.2,5.66,89,85,5.54,5.54,5.21,0.33,5.21,49,31.88,1.13
REC_00656,OD02,CR05,2020_K,INS03,26468,5673,32141,26981,32342.85,127.82,14.03,2.0,2.56,7.68,7.69,17.93,Settled on Time,37,24.0,6,3117.4,2939.7,5.7,177,171,1.76,7.6,7.21,0.39,7.21,62,40.21,1.34
REC_00657,OD02,CR10,2020_K,INS03,21062,7448,28510,20822,36066.99,168.79,16.1,2.0,3.38,11.9,11.9,27.18,Settled on Time,41,8.0,22,2958.1,2958.1,0.0,169,157,3.8,1.69,1.59,0.1,1.59,60,5.85,1.44
REC_00658,OD02,CR08,2020_R,INS03,36432,11370,47802,38370,51362.12,221.88,13.24,1.5,3.33,13.02,13.03,29.38,Delayed 3-6 Months,155,24.5,6,2467.6,2447.6,0.81,230,226,1.6,3.46,3.22,0.24,2.61,188,8.88,1.17
REC_00659,OD02,CR02,2021_K,INS03,22499,9557,32056,26575,38981.6,231.55,14.12,2.0,4.63,14.03,14.03,32.69,Delayed 3-6 Months,152,-43.1,19,1301.2,616.4,52.63,177,165,2.42,123.85,113.14,10.71,89.57,204,274.0,1.4
REC_00660,OD02,CR05,2021_K,INS03,21245,7963,29208,24921,30500.82,125.18,12.06,2.0,2.5,6.3,6.3,15.1,Delayed >6 Months,277,4.8,5,2072.6,2072.6,0.0,136,125,5.38,4.51,4.13,0.38,2.91,328,19.27,1.11
REC_00661,OD02,CR10,2021_K,INS03,37636,13577,51213,38982,64869.06,315.26,14.42,2.0,6.31,19.58,19.57,45.46,Delayed >6 Months,130,-38.4,6,2442.3,1894.5,22.43,335,327,1.21,67.34,62.83,4.51,50.31,177,110.67,1.41
REC_00662,OD02,CR08,2021_R,INS03,40170,18954,59124,43362,63496.28,284.46,12.88,1.5,4.27,16.18,16.19,36.64,Delayed >6 Months,215,-6.6,4,1817.2,1639.5,9.78,277,256,0.53,27.27,25.07,2.2,17.85,250,48.72,1.29
REC_00663,OD02,CR02,2022_K,INS03,31815,9281,41096,36086,39053.36,240.57,16.36,2.0,4.81,17.27,17.28,39.36,Settled on Time,23,-6.8,2,1889.7,1889.7,0.0,168,164,2.97,2.67,2.55,0.12,2.55,56,6.48,1.26
REC_00664,OD02,CR05,2022_K,INS03,10633,5307,15940,13401,18883.29,80.37,18.28,2.0,1.61,6.54,6.54,14.69,Settled on Time,45,12.1,8,2939.5,2939.5,0.0,77,72,0.74,3.06,2.92,0.14,2.92,70,19.88,1.24
REC_00665,OD02,CR10,2022_K,INS03,44964,21371,66335,56840,62996.41,317.5,14.8,2.0,6.35,20.32,20.32,46.99,Settled on Time,15,26.9,17,2709.9,2709.9,0.0,317,310,7.09,10.65,9.7,0.95,9.7,47,20.64,1.16
REC_00666,OD02,CR08,2022_R,INS03,21200,6245,27445,20253,36034.11,167.2,18.68,1.5,2.51,14.36,14.36,31.23,Settled on Time,16,-23.7,25,2515.6,1984.3,21.12,159,151,1.09,36.28,34.67,1.61,34.67,37,111.02,1.26
REC_00667,OD02,CR02,2023_K,INS03,13017,5899,18916,14917,16338.53,104.24,17.8,2.0,2.08,8.24,8.23,18.55,Delayed >6 Months,235,-29.2,27,3183.0,2098.9,34.06,73,70,2.46,34.95,32.8,2.15,28.1,276,151.48,1.42
REC_00668,OD02,CR05,2023_K,INS03,13865,6360,20225,15293,19722.85,86.94,16.34,2.0,1.74,6.24,6.23,14.21,Settled on Time,53,10.3,2,2385.3,1516.6,36.42,77,74,7.58,30.61,27.34,3.27,27.34,79,192.4,1.4
REC_00669,OD02,CR10,2023_K,INS03,41305,17363,58668,43022,56556.74,295.23,18.16,2.0,5.9,23.86,23.85,53.61,Delayed 3-6 Months,168,-43.2,9,1987.4,1316.4,33.76,282,265,0.21,106.01,102.94,3.07,92.19,204,171.96,1.34
REC_00670,OD02,CR08,2023_R,INS03,28808,14246,43054,31698,44127.58,211.81,14.18,1.5,3.18,13.42,13.43,30.03,Delayed 3-6 Months,156,17.7,5,2822.6,2715.9,3.78,208,192,1.14,4.38,4.09,0.29,3.36,198,11.19,1.25
REC_00671,OD03,CR02,2019_K,INS01,17874,8345,26219,22445,26338.48,144.86,11.27,2.0,2.9,6.72,6.71,16.33,Settled on Time,54,-14.1,0,3067.0,2603.6,15.11,108,100,5.39,21.17,19.93,1.24,19.93,84,122.05,1.05
REC_00672,OD03,CR05,2019_K,INS01,24544,11397,35941,26853,29768.85,113.12,10.32,2.0,2.26,4.7,4.71,11.67,Settled on Time,22,3.3,1,1670.1,1592.1,4.67,118,111,2.99,4.32,4.11,0.21,4.11,40,35.22,1.05
REC_00673,OD03,CR10,2019_K,INS01,25835,5300,31135,23154,38623.02,173.8,12.9,2.0,3.48,9.47,9.47,22.42,Settled on Time,46,8.1,8,1656.8,1504.2,9.21,153,143,0.06,16.09,15.67,0.42,15.67,61,69.89,1.05
REC_00674,OD03,CR08,2019_R,INS01,28390,10536,38926,31777,39147.67,162.85,13.43,1.5,2.44,9.72,9.71,21.87,Delayed 3-6 Months,226,0.7,3,2194.5,2029.2,7.53,157,152,2.92,12.41,11.47,0.94,9.44,275,43.16,1.05
REC_00675,OD03,CR02,2020_K,INS01,27975,9035,37010,29724,45642.74,261.08,15.02,2.0,5.22,17.0,16.99,39.21,Delayed >6 Months,169,18.8,4,1683.3,1644.0,2.34,218,205,1.74,6.3,5.77,0.53,4.6,207,11.73,1.05
REC_00676,OD03,CR05,2020_K,INS01,34829,7280,42109,30493,59800.78,236.33,10.88,2.0,4.73,10.49,10.49,25.71,Delayed >6 Months,156,-23.7,6,3144.5,2897.0,7.87,238,225,3.66,18.1,16.76,1.34,15.36,194,59.74,1.05
REC_00677,OD03,CR10,2020_K,INS01,36617,6571,43188,36367,54717.62,256.08,11.43,2.0,5.12,12.08,12.07,29.27,Delayed 3-6 Months,266,24.0,6,1371.3,1371.3,0.0,276,254,1.74,6.21,5.97,0.24,4.91,303,16.77,1.05
REC_00678,OD03,CR08,2020_R,INS01,38056,10210,48266,35920,63857.27,275.86,15.75,1.5,4.14,19.66,19.65,43.45,Delayed >6 Months,112,17.8,0,1578.7,1552.0,1.69,262,245,0.23,4.58,4.2,0.38,3.82,171,8.79,1.05
REC_00679,OD03,CR02,2021_K,INS01,42183,9299,51482,39869,55382.98,328.97,12.48,2.0,6.58,17.24,17.24,41.06,Settled on Time,49,-19.2,56,2778.1,2778.1,0.0,219,213,3.38,9.77,9.01,0.76,9.01,65,21.94,1.05
REC_00680,OD03,CR05,2021_K,INS01,17231,5711,22942,19198,30942.59,126.99,11.74,2.0,2.54,6.18,6.19,14.91,Delayed >6 Months,236,-3.6,0,1753.8,1753.8,0.0,158,151,1.11,1.32,1.24,0.08,0.88,295,5.9,1.05
REC_00681,OD03,CR10,2021_K,INS01,36497,6956,43453,35405,54529.61,265.01,15.56,2.0,5.3,17.97,17.97,41.24,Delayed >6 Months,106,-6.7,1,2336.4,2257.0,3.4,223,218,2.13,8.19,7.43,0.76,5.22,146,12.66,1.05
REC_00682,OD03,CR08,2021_R,INS01,21402,4771,26173,21814,29051.4,130.15,10.84,1.5,1.95,6.08,6.08,14.11,Settled on Time,38,-33.1,24,2586.9,1826.3,29.4,126,122,0.66,40.8,39.65,1.15,39.65,72,281.01,1.05
REC_00683,OD03,CR02,2022_K,INS01,23036,4613,27649,21658,38676.51,238.25,12.15,2.0,4.76,12.1,12.09,28.95,Delayed 3-6 Months,112,5.0,2,1446.5,1446.5,0.0,170,158,0.64,3.64,3.49,0.15,3.19,153,11.02,1.05
REC_00684,OD03,CR05,2022_K,INS01,33421,9582,43003,31472,44949.5,191.31,10.49,2.0,3.83,8.12,8.12,20.07,Delayed >6 Months,255,-1.0,4,1997.3,1948.0,2.47,173,162,0.54,4.85,4.64,0.21,3.41,297,16.99,1.05
REC_00685,OD03,CR10,2022_K,INS01,13307,3707,17014,13695,21550.73,108.62,11.27,2.0,2.17,5.04,5.03,12.24,Delayed 3-6 Months,288,-2.7,1,2366.8,2269.3,4.12,116,113,2.52,2.08,1.9,0.18,1.63,338,13.32,1.05
REC_00686,OD03,CR08,2022_R,INS01,40566,12863,53429,42401,54937.46,254.91,15.73,1.5,3.82,18.14,18.14,40.1,Delayed 3-6 Months,234,-29.5,6,2486.4,1912.5,23.08,296,281,3.37,59.46,54.83,4.63,39.63,271,98.83,1.05
REC_00687,OD03,CR02,2023_K,INS01,38046,6589,44635,33598,60948.97,388.85,15.03,2.0,7.78,25.33,25.33,58.44,Delayed >6 Months,270,4.4,10,2879.7,2814.3,2.27,271,261,1.91,11.1,10.18,0.92,8.28,311,14.17,1.05
REC_00688,OD03,CR05,2023_K,INS01,50003,18689,68692,51995,61092.27,269.29,16.19,2.0,5.39,19.1,19.11,43.6,Delayed >6 Months,256,-7.8,1,2360.4,2360.4,0.0,254,247,3.92,3.08,2.91,0.17,2.13,302,4.89,1.05
REC_00689,OD03,CR10,2023_K,INS01,19820,3539,23359,19926,24247.27,126.57,14.39,2.0,2.53,7.84,7.84,18.21,Delayed 3-6 Months,278,16.0,3,2988.5,2988.5,0.0,103,100,3.15,2.17,1.97,0.2,1.41,320,7.74,1.05
REC_00690,OD03,CR08,2023_R,INS01,23930,9750,33680,28309,41619.93,199.78,17.05,1.5,3.0,15.53,15.53,34.06,Settled on Time,44,-2.8,10,3126.4,3126.4,0.0,196,188,1.99,2.21,2.04,0.17,2.04,73,5.99,1.05
REC_00691,OD04,CR02,2019_K,INS01,35939,14858,50797,40803,63197.67,347.59,11.93,2.0,6.95,17.26,17.26,41.47,Delayed 3-6 Months,146,-27.2,14,2730.7,1993.7,26.99,323,309,3.1,93.75,90.19,3.56,68.77,179,165.83,1.05
REC_00692,OD04,CR05,2019_K,INS01,16157,5915,22072,16560,20140.43,76.53,13.03,2.0,1.53,4.22,4.22,9.97,Settled on Time,35,-15.7,35,2048.7,2048.7,0.0,95,92,3.3,2.58,2.34,0.24,2.34,57,23.47,1.05
REC_00693,OD04,CR10,2019_K,INS01,29872,14184,44056,37578,44820.5,201.69,16.88,2.0,4.03,15.01,15.01,34.05,Settled on Time,47,-10.3,5,2745.1,2745.1,0.0,175,159,0.95,4.14,3.97,0.17,3.97,73,11.66,1.05
REC_00694,OD04,CR08,2019_R,INS01,20323,3530,23853,17419,32404.78,134.8,11.2,1.5,2.02,6.54,6.54,15.1,Delayed >6 Months,216,-4.1,3,2829.6,2829.6,0.0,143,138,2.28,1.45,1.39,0.06,1.16,248,7.68,1.05
REC_00695,OD04,CR02,2020_K,INS01,17455,3290,20745,15572,24484.82,140.05,16.88,2.0,2.8,10.42,10.42,23.64,Delayed >6 Months,143,-43.0,0,2506.9,1464.3,41.59,107,99,0.44,62.79,58.21,4.58,53.12,188,224.7,1.05
REC_00696,OD04,CR05,2020_K,INS01,23398,8879,32277,28218,38684.56,152.88,12.77,2.0,3.06,8.23,8.23,19.52,Delayed >6 Months,107,1.4,11,1621.3,1621.3,0.0,186,183,1.6,3.02,2.82,0.2,2.09,161,10.71,1.05
REC_00697,OD04,CR10,2020_K,INS01,47866,10266,58132,46086,63607.83,297.68,15.73,2.0,5.95,20.44,20.44,46.83,Settled on Time,36,33.3,2,1239.8,1196.1,3.52,301,284,1.49,11.68,10.84,0.84,10.84,68,23.15,1.05
REC_00698,OD04,CR08,2020_R,INS01,30449,7280,37729,28996,49968.94,215.87,15.98,1.5,3.24,15.63,15.63,34.5,Delayed >6 Months,206,19.5,2,2325.5,2224.6,4.34,264,257,1.11,4.25,4.04,0.21,2.88,265,8.35,1.05
REC_00699,OD04,CR02,2021_K,INS01,10376,2680,13056,10749,16576.73,98.47,12.99,2.0,1.97,5.41,5.41,12.79,Settled on Time,43,-22.2,20,2658.5,2113.8,20.49,71,66,4.11,21.02,19.76,1.26,19.76,64,154.5,1.05
REC_00700,OD04,CR05,2021_K,INS01,11182,3412,14594,11323,18027.61,73.99,15.44,2.0,1.48,4.97,4.97,11.42,Settled on Time,39,-33.1,13,2138.5,1205.3,43.64,77,71,2.02,32.39,30.99,1.4,30.99,69,271.37,1.05
REC_00701,OD04,CR10,2021_K,INS01,32762,10301,43063,36935,56624.47,275.19,10.61,2.0,5.5,11.85,11.85,29.2,Delayed 3-6 Months,272,-16.3,2,1385.2,1385.2,0.0,257,243,2.36,9.14,8.81,0.33,7.47,326,25.58,1.05
REC_00702,OD04,CR08,2021_R,INS01,35701,8782,44483,36201,61613.39,276.03,11.04,1.5,4.14,13.16,13.17,30.47,Settled on Time,48,-12.5,5,1388.4,956.9,31.08,273,257,4.88,86.96,78.85,8.11,78.85,64,258.78,1.05
REC_00703,OD04,CR02,2022_K,INS01,14301,5032,19333,16159,18479.59,113.83,14.46,2.0,2.28,7.09,7.09,16.46,Delayed 3-6 Months,203,35.4,4,2976.7,2849.0,4.29,75,72,3.25,1.41,1.34,0.07,1.01,247,6.14,1.05
REC_00704,OD04,CR05,2022_K,INS01,27946,7687,35633,28610,50074.9,213.12,14.15,2.0,4.26,12.95,12.95,30.16,Delayed >6 Months,141,19.2,5,2235.5,2235.5,0.0,199,195,3.22,3.25,2.97,0.28,2.66,196,8.82,1.05
REC_00705,OD04,CR10,2022_K,INS01,22153,4280,26433,19201,36668.35,184.81,15.77,2.0,3.7,12.72,12.72,29.14,Settled on Time,35,5.3,3,3191.1,2942.8,7.78,149,146,1.94,14.54,13.34,1.2,13.34,64,45.78,1.05
REC_00706,OD04,CR08,2022_R,INS01,14396,2655,17051,14727,25471.42,118.19,12.63,1.5,1.77,6.58,6.58,14.93,Delayed 3-6 Months,170,-29.5,12,2044.7,1550.5,24.17,130,120,0.42,30.46,28.48,1.98,24.26,220,162.49,1.05
REC_00707,OD04,CR02,2023_K,INS01,23223,4333,27556,23631,37472.96,239.08,15.94,2.0,4.78,16.66,16.67,38.11,Delayed >6 Months,204,1.0,1,2736.1,2619.2,4.27,207,196,2.65,3.69,3.45,0.24,2.91,238,7.64,1.05
REC_00708,OD04,CR05,2023_K,INS01,18342,4160,22502,17017,24261.17,106.94,13.27,2.0,2.14,6.02,6.03,14.19,Delayed 3-6 Months,209,-15.6,19,2076.1,1984.5,4.41,127,116,3.61,4.24,3.85,0.39,3.04,250,21.42,1.05
REC_00709,OD04,CR10,2023_K,INS01,23107,4687,27794,20599,29842.6,155.78,11.3,2.0,3.12,7.24,7.24,17.6,Delayed >6 Months,185,-1.6,1,1813.3,1803.9,0.52,115,108,3.84,5.97,5.38,0.59,3.82,219,21.7,1.05
REC_00710,OD04,CR08,2023_R,INS01,27577,7076,34653,25665,36176.2,173.65,13.7,1.5,2.6,10.6,10.59,23.79,Settled on Time,42,-7.9,2,1903.8,1903.8,0.0,139,130,0.69,2.13,2.01,0.12,2.01,76,8.45,1.05
REC_00711,OD05,CR02,2019_K,INS03,30091,12586,42677,36701,53480.01,294.14,16.35,2.0,5.88,21.1,21.11,48.09,Delayed >6 Months,109,22.2,10,2246.4,2184.4,2.76,261,238,5.79,10.26,9.25,1.01,8.13,158,16.91,1.23
REC_00712,OD05,CR05,2019_K,INS03,25062,10862,35924,26367,30203.51,114.77,15.82,2.0,2.3,7.93,7.93,18.16,Delayed >6 Months,188,14.8,4,2253.4,2253.4,0.0,163,158,0.85,3.06,2.83,0.23,2.36,224,13.0,1.31
REC_00713,OD05,CR10,2019_K,INS03,28293,10577,38870,34014,46413.97,208.86,12.78,2.0,4.18,11.26,11.25,26.69,Settled on Time,58,10.1,21,2276.7,2276.7,0.0,220,213,2.43,8.33,7.59,0.74,7.59,73,28.44,1.4
REC_00714,OD05,CR08,2019_R,INS03,43176,14733,57909,45790,60971.48,253.64,15.99,1.5,3.8,18.38,18.38,40.56,Delayed 3-6 Months,250,-8.0,2,1845.1,1845.1,0.0,247,231,1.63,9.81,8.98,0.83,6.62,294,16.32,1.44
REC_00715,OD05,CR02,2020_K,INS03,23625,5112,28737,21216,33618.31,192.3,16.58,2.0,3.85,14.02,14.01,31.88,Settled on Time,43,19.6,10,3138.0,3138.0,0.0,183,180,2.86,3.16,2.88,0.28,2.88,77,9.03,1.13
REC_00716,OD05,CR05,2020_K,INS03,40516,11941,52457,45447,58112.58,229.66,18.21,2.0,4.59,18.61,18.62,41.82,Delayed 3-6 Months,260,-3.0,2,1625.7,1614.2,0.71,320,301,1.08,3.74,3.56,0.18,3.17,312,7.58,1.18
REC_00717,OD05,CR10,2020_K,INS03,11412,3001,14413,12144,18594.97,87.02,14.52,2.0,1.74,5.45,5.45,12.64,Delayed 3-6 Months,240,0.2,2,2102.4,2051.7,2.41,101,96,1.78,3.3,3.07,0.23,2.78,292,21.99,1.14
REC_00718,OD05,CR08,2020_R,INS03,18487,3891,22378,17884,26557.57,114.73,14.7,1.5,1.72,7.58,7.57,16.87,Delayed 3-6 Months,210,0.5,21,2067.5,2067.5,0.0,120,112,1.88,2.95,2.68,0.27,1.91,254,11.32,1.37
REC_00719,OD05,CR02,2021_K,INS03,14396,3267,17663,15168,22558.1,134.0,13.69,2.0,2.68,7.83,7.83,18.34,Settled on Time,38,-6.3,2,2396.4,2396.4,0.0,105,98,0.56,2.58,2.49,0.09,2.49,68,13.58,1.4
REC_00720,OD05,CR05,2021_K,INS03,19283,5566,24849,20011,27850.31,114.3,16.02,2.0,2.29,8.01,8.01,18.31,Delayed 3-6 Months,130,37.8,0,2643.0,2606.7,1.37,113,106,1.18,4.37,4.1,0.27,3.64,170,19.88,1.22
REC_00721,OD05,CR10,2021_K,INS03,42480,8644,51124,38606,64277.02,312.39,14.77,2.0,6.25,19.94,19.95,46.14,Delayed 3-6 Months,261,27.6,0,2125.1,1944.9,8.48,308,304,1.82,28.59,26.26,2.33,21.59,305,46.79,1.39
REC_00722,OD05,CR08,2021_R,INS03,34456,9109,43565,38273,61798.7,276.86,12.49,1.5,4.15,15.22,15.21,34.58,Delayed >6 Months,101,-11.8,5,1378.0,881.4,36.04,255,244,3.44,103.58,95.23,8.35,77.89,157,225.25,1.19
REC_00723,OD05,CR02,2022_K,INS03,20435,5870,26305,22682,34057.38,209.79,13.82,2.0,4.2,12.4,12.39,28.99,Settled on Time,46,29.7,3,2977.5,2742.3,7.9,164,152,0.91,16.14,15.41,0.73,15.41,69,53.16,1.34
REC_00724,OD05,CR05,2022_K,INS03,30892,10901,41793,35159,46936.17,199.76,15.73,2.0,4.0,13.71,13.71,31.42,Settled on Time,50,-9.5,14,2429.8,2268.0,6.66,190,181,3.77,13.46,12.25,1.21,12.25,78,38.99,1.34
REC_00725,OD05,CR10,2022_K,INS03,14441,5347,19788,16745,25857.77,130.32,13.71,2.0,2.61,7.63,7.63,17.87,Delayed >6 Months,275,-18.1,13,1491.8,1481.9,0.66,115,110,4.47,4.4,4.17,0.23,2.95,310,16.51,1.37
REC_00726,OD05,CR08,2022_R,INS03,20456,6032,26488,19165,35256.3,163.59,16.42,1.5,2.45,12.2,12.21,26.86,Delayed >6 Months,168,-11.3,3,1890.9,1890.9,0.0,146,144,4.49,4.86,4.6,0.26,3.53,201,13.14,1.23
REC_00727,OD05,CR02,2023_K,INS03,15873,6455,22328,16119,25182.43,160.66,15.19,2.0,3.21,10.6,10.59,24.4,Settled on Time,46,-0.3,4,2287.4,1473.3,35.59,124,113,1.2,58.29,56.08,2.21,56.08,79,229.84,1.41
REC_00728,OD05,CR05,2023_K,INS03,17424,5506,22930,16860,24499.83,108.0,13.88,2.0,2.16,6.42,6.41,14.99,Delayed 3-6 Months,113,-9.5,13,2359.7,1555.0,34.1,96,94,3.69,35.28,32.0,3.28,28.52,153,190.26,1.41
REC_00729,OD05,CR10,2023_K,INS03,26541,7211,33752,24913,44683.75,233.25,14.44,2.0,4.66,14.51,14.51,33.68,Delayed >6 Months,208,24.2,0,3182.8,2498.8,21.49,228,217,3.32,51.34,46.65,4.69,32.83,250,97.48,1.42
REC_00730,OD05,CR08,2023_R,INS03,22137,8934,31071,23362,32657.72,156.76,11.86,1.5,2.35,8.12,8.12,18.59,Settled on Time,58,15.2,13,2936.9,2670.8,9.06,132,127,2.2,15.26,13.94,1.32,13.94,84,74.99,1.26
REC_00731,OD06,CR02,2019_K,INS03,32692,11464,44156,32409,53742.49,295.58,17.58,2.0,5.91,23.02,23.03,51.96,Settled on Time,35,-36.2,17,2547.7,1788.2,29.81,273,266,1.02,94.77,87.42,7.35,87.42,68,168.24,1.15
REC_00732,OD06,CR05,2019_K,INS03,12093,3401,15494,13208,18558.84,70.52,15.8,2.0,1.41,4.86,4.87,11.14,Settled on Time,60,7.9,1,2380.2,2380.2,0.0,86,81,0.09,1.29,1.23,0.06,1.23,77,11.04,1.28
REC_00733,OD06,CR10,2019_K,INS03,31443,13364,44807,35501,49622.02,223.3,14.73,2.0,4.47,14.21,14.21,32.89,Delayed 3-6 Months,171,-3.5,8,2069.2,1907.0,7.84,232,225,1.79,17.16,16.01,1.15,14.02,224,42.63,1.23
REC_00734,OD06,CR08,2019_R,INS03,41404,10974,52378,44714,64438.02,268.06,16.21,1.5,4.02,19.72,19.71,43.45,Settled on Time,60,-11.7,11,2923.7,2814.6,3.73,292,281,3.8,3.67,3.37,0.3,3.37,89,7.76,1.11
REC_00735,OD06,CR02,2020_K,INS03,33675,6719,40394,31797,48789.55,279.08,12.46,2.0,5.58,14.6,14.59,34.77,Settled on Time,59,-30.5,24,2748.4,2073.4,24.56,213,194,2.01,66.9,62.36,4.54,62.36,83,179.35,1.25
REC_00736,OD06,CR05,2020_K,INS03,40676,7644,48320,42109,59485.69,235.09,17.54,2.0,4.7,18.26,18.27,41.23,Delayed >6 Months,225,-4.1,0,2781.5,2455.5,11.72,319,292,0.51,26.67,25.69,0.98,18.42,261,44.68,1.35
REC_00737,OD06,CR10,2020_K,INS03,37679,10948,48627,35265,55446.37,259.49,11.59,2.0,5.19,12.44,12.44,30.07,Delayed >6 Months,130,7.4,9,2410.0,2410.0,0.0,262,240,0.77,8.35,7.66,0.69,6.91,176,22.98,1.28
REC_00738,OD06,CR08,2020_R,INS03,16056,4479,20535,15204,28283.92,122.19,14.13,1.5,1.83,7.72,7.72,17.27,Delayed 3-6 Months,187,2.1,5,1875.5,1875.5,0.0,152,149,2.62,3.0,2.86,0.14,2.08,227,12.04,1.15
REC_00739,OD06,CR02,2021_K,INS03,52796,14518,67314,53335,64913.45,385.59,13.2,2.0,7.71,21.6,21.59,50.9,Delayed 3-6 Months,236,-35.5,27,1864.9,1141.1,38.81,285,275,0.19,159.24,154.14,5.1,120.95,289,237.62,1.25
REC_00740,OD06,CR05,2021_K,INS03,21849,6849,28698,25253,31611.39,129.73,14.55,2.0,2.59,8.14,8.15,18.88,Delayed >6 Months,111,-24.2,0,2317.6,1958.6,15.49,141,130,3.15,21.68,20.38,1.3,17.68,154,93.64,1.38
REC_00741,OD06,CR10,2021_K,INS03,33393,12470,45863,39913,53451.16,259.77,15.16,2.0,5.2,17.09,17.09,39.38,Delayed >6 Months,279,-24.8,25,2501.8,1998.7,20.11,275,251,0.47,53.45,51.74,1.71,38.33,315,97.33,1.19
REC_00742,OD06,CR08,2021_R,INS03,28801,6288,35089,25643,43270.17,193.85,12.3,1.5,2.91,10.46,10.47,23.84,Settled on Time,41,1.6,14,2897.5,2837.8,2.06,195,188,4.03,2.43,2.22,0.21,2.22,57,9.31,1.41
REC_00743,OD06,CR02,2022_K,INS03,18968,5425,24393,18992,30210.23,186.09,15.62,2.0,3.72,12.68,12.67,29.07,Settled on Time,51,5.4,11,1967.7,1881.0,4.41,138,135,7.27,5.44,4.91,0.53,4.91,77,16.89,1.15
REC_00744,OD06,CR05,2022_K,INS03,26375,7595,33970,29188,37270.27,158.62,16.53,2.0,3.17,11.52,11.53,26.22,Delayed >6 Months,259,32.2,1,2541.4,2541.4,0.0,187,176,1.86,1.72,1.6,0.12,1.17,317,4.46,1.43
REC_00745,OD06,CR10,2022_K,INS03,16750,2959,19709,17128,26275.16,132.43,14.76,2.0,2.65,8.45,8.45,19.55,Delayed 3-6 Months,227,-0.2,0,1985.9,1985.9,0.0,112,106,0.88,4.53,4.36,0.17,3.62,267,18.52,1.18
REC_00746,OD06,CR08,2022_R,INS03,31863,8451,40314,32850,46973.42,217.96,14.54,1.5,3.27,14.21,14.21,31.69,Delayed >6 Months,236,-5.2,7,1253.4,1253.4,0.0,216,197,3.64,2.64,2.47,0.17,2.05,270,6.47,1.37
REC_00747,OD06,CR02,2023_K,INS03,29972,5155,35127,26509,52211.76,333.11,16.89,2.0,6.66,24.8,24.8,56.26,Delayed 3-6 Months,128,14.9,0,2393.9,2349.6,1.85,231,210,6.36,9.73,8.97,0.76,7.97,168,14.17,1.19
REC_00748,OD06,CR05,2023_K,INS03,36780,6506,43286,36503,64243.3,283.18,11.87,2.0,5.66,13.98,13.97,33.61,Delayed >6 Months,109,16.3,8,3163.2,3163.2,0.0,271,255,3.06,8.82,8.04,0.78,7.32,145,21.78,1.28
REC_00749,OD06,CR10,2023_K,INS03,36357,11376,47733,36334,49027.74,255.92,13.43,2.0,5.12,14.62,14.63,34.37,Settled on Time,48,24.9,4,2186.4,2186.4,0.0,240,221,4.17,8.31,7.81,0.5,7.81,82,22.72,1.35
REC_00750,OD06,CR08,2023_R,INS03,22812,6721,29533,21637,31337.8,150.42,11.92,1.5,2.26,7.84,7.83,17.93,Delayed 3-6 Months,177,11.4,5,1221.1,1221.1,0.0,133,125,0.34,1.84,1.76,0.08,1.33,214,7.42,1.23
REC_00751,KA01,CR02,2019_K,INS05,31987,8208,40195,32432,55905.49,307.48,16.26,2.0,6.15,21.92,21.93,50.0,Settled on Time,29,-46.0,3,2176.4,1284.1,41.0,263,256,1.1,128.54,118.14,10.4,118.14,45,236.28,1.28
REC_00752,KA01,CR04,2019_K,INS05,24452,5558,30010,22761,41971.33,117.52,14.65,2.0,2.35,7.44,7.43,17.22,Delayed >6 Months,167,-5.3,12,2985.3,2985.3,0.0,215,206,1.44,2.5,2.34,0.16,1.86,197,10.8,1.45
REC_00753,KA01,CR05,2019_K,INS05,28417,13279,41696,31060,42177.01,160.27,13.12,2.0,3.21,8.91,8.91,21.03,Settled on Time,31,-9.0,11,1743.1,1660.6,4.73,230,218,3.79,5.37,5.1,0.27,5.1,62,24.25,1.32
REC_00754,KA01,CR10,2019_K,INS05,28509,10282,38791,30821,48447.58,218.01,16.26,2.0,4.36,15.54,15.55,35.45,Delayed >6 Months,165,-14.2,17,1667.7,1667.7,0.0,259,235,0.19,5.36,5.09,0.27,4.29,205,12.1,1.44
REC_00755,KA01,CR09,2019_R,INS05,36169,14070,50239,39782,61807.35,199.27,15.56,1.5,2.99,14.01,14.01,31.01,Delayed 3-6 Months,231,17.6,15,2632.7,2463.9,6.41,237,222,2.24,13.44,12.26,1.18,9.17,279,29.57,1.24
REC_00756,KA01,CR08,2019_R,INS05,43351,9725,53076,41457,64477.41,268.23,16.38,1.5,4.02,19.96,19.96,43.94,Delayed >6 Months,246,5.2,18,2900.7,2900.7,0.0,347,343,0.73,9.43,9.15,0.28,6.87,298,15.63,1.31
REC_00757,KA01,CR02,2020_K,INS05,32856,5981,38837,33508,54136.79,309.66,13.39,2.0,6.19,17.64,17.63,41.46,Settled on Time,24,38.7,1,3152.5,2940.0,6.74,247,225,1.8,22.09,21.33,0.76,21.33,44,51.45,1.26
REC_00758,KA01,CR04,2020_K,INS05,11598,3058,14656,11191,18830.18,54.83,11.82,2.0,1.1,2.69,2.69,6.48,Delayed >6 Months,249,16.2,3,2328.4,2255.8,3.12,94,90,2.17,1.18,1.09,0.09,0.91,306,14.04,1.24
REC_00759,KA01,CR05,2020_K,INS05,17869,3247,21116,15664,30954.77,122.33,12.38,2.0,2.45,6.34,6.35,15.14,Delayed >6 Months,105,-0.7,0,2003.3,1869.7,6.67,158,151,0.97,8.64,8.02,0.62,7.08,141,46.76,1.41
REC_00760,KA01,CR10,2020_K,INS05,25752,9546,35298,30733,31109.67,145.59,16.39,2.0,2.91,10.48,10.47,23.86,Settled on Time,16,-11.7,11,2995.7,2995.7,0.0,162,158,4.27,3.05,2.77,0.28,2.77,41,11.61,1.34
REC_00761,KA01,CR09,2020_R,INS05,35720,17540,53260,40015,46141.46,154.48,18.33,1.5,2.32,13.0,13.0,28.32,Delayed >6 Months,242,17.2,2,1835.6,1835.6,0.0,225,218,3.67,5.03,4.78,0.25,3.77,286,13.31,1.22
REC_00762,KA01,CR08,2020_R,INS05,19298,6587,25885,21575,31105.63,134.38,18.35,1.5,2.02,11.32,11.32,24.66,Delayed 3-6 Months,241,38.2,0,2929.0,2666.2,8.97,153,146,1.89,11.55,10.62,0.93,7.52,292,30.49,1.11
REC_00763,KA01,CR02,2021_K,INS05,44891,18512,63403,51707,58115.26,345.2,15.0,2.0,6.9,22.44,22.44,51.78,Settled on Time,55,-22.6,6,2076.2,1933.4,6.88,278,265,0.4,22.63,21.1,1.53,21.1,80,40.75,1.16
REC_00764,KA01,CR04,2021_K,INS05,39310,14148,53458,45572,55873.82,168.96,16.27,2.0,3.38,12.06,12.05,27.49,Delayed >6 Months,234,-10.3,24,2872.9,2735.0,4.8,303,294,1.01,5.42,5.09,0.33,4.63,269,16.84,1.31
REC_00765,KA01,CR05,2021_K,INS05,16308,7534,23842,19921,25579.11,104.98,17.51,2.0,2.1,8.14,8.14,18.38,Delayed >6 Months,218,8.4,4,1581.4,1581.4,0.0,114,107,4.77,1.23,1.11,0.12,1.01,268,5.5,1.23
REC_00766,KA01,CR10,2021_K,INS05,38762,19030,57792,48691,61930.02,300.98,14.45,2.0,6.02,18.74,18.73,43.49,Delayed >6 Months,198,-39.4,6,2756.3,1890.8,31.4,246,238,0.87,95.48,89.27,6.21,62.62,257,143.99,1.23
REC_00767,KA01,CR09,2021_R,INS05,37741,12116,49857,42259,57404.73,199.31,16.77,1.5,2.99,15.22,15.21,33.42,Delayed 3-6 Months,110,30.1,0,2511.7,2067.9,17.67,226,207,2.98,35.91,33.3,2.61,26.36,148,78.87,1.12
REC_00768,KA01,CR08,2021_R,INS05,31689,14248,45937,37805,52214.05,233.92,13.51,1.5,3.51,14.04,14.05,31.6,Delayed 3-6 Months,213,-33.1,1,1325.4,998.2,24.69,251,244,0.32,56.87,54.58,2.29,44.39,252,140.47,1.15
REC_00769,KA01,CR02,2022_K,INS05,21839,9298,31137,26794,37658.67,231.98,13.17,2.0,4.64,12.96,12.95,30.55,Delayed >6 Months,175,6.9,4,2520.3,2520.3,0.0,154,149,1.46,3.09,2.94,0.15,2.19,216,7.17,1.14
REC_00770,KA01,CR04,2022_K,INS05,10408,4529,14937,12447,16592.09,52.03,16.42,2.0,1.04,3.75,3.75,8.54,Settled on Time,35,-4.2,0,2885.9,2885.9,0.0,69,63,2.41,0.93,0.89,0.04,0.89,65,10.42,1.34
REC_00771,KA01,CR05,2022_K,INS05,32025,13582,45607,38205,49048.9,208.75,13.69,2.0,4.18,12.2,12.2,28.58,Settled on Time,37,17.8,2,2292.6,2292.6,0.0,207,204,0.26,5.9,5.44,0.46,5.44,69,19.03,1.14
REC_00772,KA01,CR10,2022_K,INS05,24625,12870,37495,31063,36417.51,183.54,14.65,2.0,3.67,11.61,11.61,26.89,Settled on Time,23,33.0,0,2330.8,2330.8,0.0,169,165,4.53,2.62,2.5,0.12,2.5,42,9.3,1.37
REC_00773,KA01,CR09,2022_R,INS05,16490,5770,22260,17435,27001.92,97.1,18.68,1.5,1.46,8.34,8.34,18.14,Settled on Time,47,-6.5,1,1952.7,1952.7,0.0,123,115,1.4,2.77,2.68,0.09,2.68,74,14.77,1.34
REC_00774,KA01,CR08,2022_R,INS05,14712,7456,22168,18844,24888.38,115.48,13.94,1.5,1.73,7.18,7.19,16.1,Settled on Time,35,8.8,6,3029.6,2853.0,5.83,137,124,0.95,6.5,6.22,0.28,6.22,68,38.63,1.16
REC_00775,KA01,CR02,2023_K,INS05,32346,10020,42366,32437,49111.46,313.33,15.44,2.0,6.27,21.06,21.05,48.38,Delayed 3-6 Months,210,-2.9,13,2615.1,1967.1,24.78,259,244,2.13,74.21,69.1,5.11,56.73,242,117.26,1.43
REC_00776,KA01,CR04,2023_K,INS05,11658,3381,15039,12951,19969.14,64.86,11.94,2.0,1.3,3.22,3.22,7.74,Delayed 3-6 Months,169,-40.3,25,1923.4,1221.3,36.5,107,103,3.16,23.16,21.23,1.93,18.52,226,239.28,1.23
REC_00777,KA01,CR05,2023_K,INS05,28431,9984,38415,32274,40312.59,177.7,14.18,2.0,3.55,10.82,10.83,25.2,Settled on Time,54,-18.0,10,2007.3,1233.1,38.57,185,179,3.08,67.9,63.8,4.1,63.8,87,253.17,1.39
REC_00778,KA01,CR10,2023_K,INS05,35477,11276,46753,33782,48252.41,251.88,12.55,2.0,5.04,13.28,13.29,31.61,Settled on Time,25,-24.8,6,2303.6,1755.6,23.79,210,200,0.81,63.92,58.36,5.56,58.36,52,184.63,1.42
REC_00779,KA01,CR09,2023_R,INS05,38639,20371,59010,43421,47137.1,175.35,16.58,1.5,2.63,13.22,13.22,29.07,Settled on Time,51,-2.5,2,1984.0,1984.0,0.0,235,220,7.85,2.58,2.4,0.18,2.4,73,8.26,1.41
REC_00780,KA01,CR08,2023_R,INS05,16954,6909,23863,18236,21589.33,103.63,15.78,1.5,1.55,7.4,7.4,16.35,Settled on Time,27,-1.5,4,2069.9,2069.9,0.0,117,112,0.99,3.94,3.81,0.13,3.81,45,23.3,1.12
REC_00781,KA02,CR02,2019_K,INS05,34853,12578,47431,34785,58399.7,321.2,13.61,2.0,6.42,18.65,18.65,43.72,Settled on Time,46,-16.8,6,2321.5,2321.5,0.0,244,227,1.64,11.9,11.17,0.73,11.17,79,25.55,1.41
REC_00782,KA02,CR04,2019_K,INS05,24894,7230,32124,25008,43822.99,122.7,12.02,2.0,2.45,6.15,6.15,14.75,Settled on Time,44,-3.7,6,2643.8,2643.8,0.0,203,187,3.4,2.91,2.79,0.12,2.79,68,18.92,1.13
REC_00783,KA02,CR05,2019_K,INS05,41386,11249,52635,42644,64267.24,244.22,12.24,2.0,4.88,12.5,12.51,29.89,Settled on Time,34,-15.6,28,3050.7,3050.7,0.0,311,283,6.62,3.67,3.48,0.19,3.48,50,11.64,1.18
REC_00784,KA02,CR10,2019_K,INS05,11096,3195,14291,10702,16664.28,74.99,16.95,2.0,1.5,5.6,5.61,12.71,Settled on Time,20,37.0,1,2575.2,2517.8,2.23,65,59,0.07,1.64,1.53,0.11,1.53,52,12.04,1.11
REC_00785,KA02,CR09,2019_R,INS05,13316,3001,16317,12439,18576.94,59.89,13.25,1.5,0.9,3.52,3.52,7.94,Settled on Time,47,21.6,1,1461.2,1461.2,0.0,72,69,1.68,2.08,1.92,0.16,1.92,79,24.18,1.42
REC_00786,KA02,CR08,2019_R,INS05,18500,3209,21709,18684,26906.1,111.93,12.78,1.5,1.68,6.31,6.31,14.3,Settled on Time,30,-8.7,13,1858.8,1858.8,0.0,130,127,2.07,1.7,1.62,0.08,1.62,62,11.33,1.25
REC_00787,KA02,CR02,2020_K,INS05,18466,3763,22229,16927,28689.9,164.11,15.52,2.0,3.28,11.1,11.09,25.47,Delayed 3-6 Months,107,0.5,1,2558.3,2318.8,9.36,112,102,2.53,16.11,15.08,1.03,12.34,138,48.45,1.29
REC_00788,KA02,CR04,2020_K,INS05,35334,8237,43571,36024,54567.08,158.9,14.23,2.0,3.18,9.72,9.71,22.61,Delayed 3-6 Months,262,-6.1,5,2175.1,1983.7,8.8,217,197,0.51,14.13,13.04,1.09,9.64,296,42.64,1.33
REC_00789,KA02,CR05,2020_K,INS05,33712,10896,44608,35868,58507.15,231.22,14.02,2.0,4.62,13.9,13.9,32.42,Settled on Time,33,4.0,27,1839.4,1815.3,1.31,255,240,3.09,7.29,6.69,0.6,6.69,66,20.64,1.1
REC_00790,KA02,CR10,2020_K,INS05,10123,1791,11914,10435,15016.51,70.28,13.25,2.0,1.41,3.95,3.95,9.31,Settled on Time,21,-10.9,13,1959.9,1959.9,0.0,81,75,3.7,2.8,2.53,0.27,2.53,45,27.18,1.34
REC_00791,KA02,CR09,2020_R,INS05,14011,6760,20771,16634,20522.16,68.71,16.62,1.5,1.03,5.2,5.19,11.42,Settled on Time,31,-13.3,37,2119.6,2011.5,5.1,104,101,5.52,3.7,3.4,0.3,3.4,53,29.77,1.14
REC_00792,KA02,CR08,2020_R,INS05,48942,24247,73189,56911,59772.27,258.22,16.18,1.5,3.87,18.95,18.96,41.78,Settled on Time,40,29.2,9,2251.3,2199.7,2.29,259,251,2.34,5.95,5.74,0.21,5.74,62,13.74,1.14
REC_00793,KA02,CR02,2021_K,INS05,15393,4659,20052,16646,21072.13,125.17,12.22,2.0,2.5,6.4,6.4,15.3,Settled on Time,40,-16.7,15,3129.4,3129.4,0.0,84,82,1.56,1.51,1.41,0.1,1.41,59,9.22,1.19
REC_00794,KA02,CR04,2021_K,INS05,39016,19086,58102,47150,64536.25,195.16,17.8,2.0,3.9,15.42,15.42,34.74,Delayed 3-6 Months,187,-6.4,2,2390.6,2368.2,0.94,274,257,2.01,2.05,1.89,0.16,1.46,231,4.2,1.38
REC_00795,KA02,CR05,2021_K,INS05,13375,5145,18520,14015,17322.44,71.09,14.07,2.0,1.42,4.29,4.29,10.0,Settled on Time,19,-12.7,113,2850.8,2850.8,0.0,87,84,0.89,1.84,1.69,0.15,1.69,41,16.9,1.42
REC_00796,KA02,CR10,2021_K,INS05,22495,11503,33998,29415,37068.38,180.15,12.1,2.0,3.6,9.1,9.1,21.8,Settled on Time,43,-39.0,4,2153.8,1238.9,42.48,145,133,0.77,77.46,74.8,2.66,74.8,73,343.12,1.34
REC_00797,KA02,CR09,2021_R,INS05,18894,9867,28761,23275,32733.54,113.65,15.66,1.5,1.7,8.05,8.05,17.8,Settled on Time,32,1.7,2,2369.0,2369.0,0.0,176,163,0.61,2.46,2.33,0.13,2.33,63,13.09,1.27
REC_00798,KA02,CR08,2021_R,INS05,43988,19557,63545,46264,64388.67,288.46,16.27,1.5,4.33,21.3,21.3,46.93,Settled on Time,54,18.9,13,3084.9,3084.9,0.0,286,263,6.41,4.1,3.72,0.38,3.72,75,7.93,1.42
REC_00799,KA02,CR02,2022_K,INS05,30584,12941,43525,31656,48550.62,299.07,18.22,2.0,5.98,24.26,24.25,54.49,Settled on Time,22,17.7,6,3188.1,2840.6,10.9,263,252,2.05,35.1,31.84,3.26,31.84,38,58.43,1.43
REC_00800,KA02,CR04,2022_K,INS05,18265,6766,25031,21898,29472.46,92.43,12.41,2.0,1.85,4.81,4.81,11.47,Delayed 3-6 Months,190,15.0,4,2056.1,1915.3,6.85,154,148,2.38,6.44,6.2,0.24,5.63,224,49.08,1.42
REC_00801,KA02,CR05,2022_K,INS05,11324,3693,15017,10903,19179.11,81.63,16.74,2.0,1.63,6.02,6.01,13.66,Settled on Time,36,19.6,5,1417.6,1417.6,0.0,75,70,1.2,1.31,1.23,0.08,1.23,59,9.0,1.24
REC_00802,KA02,CR10,2022_K,INS05,30123,9064,39187,30338,48628.36,245.09,14.58,2.0,4.9,15.42,15.41,35.73,Settled on Time,38,-1.8,0,3192.5,3192.5,0.0,203,186,5.06,3.83,3.48,0.35,3.48,72,9.74,1.3
REC_00803,KA02,CR09,2022_R,INS05,35009,13331,48340,40486,49099.87,176.56,18.19,1.5,2.65,14.74,14.73,32.12,Settled on Time,27,7.2,1,1623.9,1570.5,3.29,220,203,0.3,4.22,4.06,0.16,4.06,54,12.64,1.45
REC_00804,KA02,CR08,2022_R,INS05,37765,11107,48872,37692,46129.54,214.04,13.07,1.5,3.21,12.38,12.39,27.98,Settled on Time,40,-7.9,2,1851.3,1811.5,2.15,231,226,6.15,4.62,4.3,0.32,4.3,67,15.37,1.31
REC_00805,KA02,CR02,2023_K,INS05,23011,8691,31702,24931,29676.4,189.34,16.1,2.0,3.79,13.34,13.35,30.48,Settled on Time,17,-28.1,12,2059.4,1601.8,22.22,124,115,3.47,44.2,40.08,4.12,40.08,36,131.5,1.17
REC_00806,KA02,CR04,2023_K,INS05,9435,4841,14276,10705,15324.4,49.77,16.16,2.0,1.0,3.52,3.52,8.04,Delayed >6 Months,216,-11.4,18,3140.6,2068.7,34.13,73,69,2.9,17.29,16.28,1.01,11.45,262,142.41,1.14
REC_00807,KA02,CR05,2023_K,INS05,11493,3358,14851,12971,19002.07,83.76,15.31,2.0,1.68,5.57,5.57,12.82,Settled on Time,24,-47.5,33,1922.4,868.4,54.83,94,91,1.87,45.15,42.51,2.64,42.51,40,331.59,1.31
REC_00808,KA02,CR10,2023_K,INS05,36474,14225,50699,37219,52814.75,275.69,13.11,2.0,5.51,15.32,15.31,36.14,Settled on Time,47,-16.2,13,3097.9,2371.1,23.46,231,219,3.93,67.1,62.98,4.12,62.98,62,174.27,1.19
REC_00809,KA02,CR09,2023_R,INS05,19404,6424,25828,20303,30466.34,113.33,15.08,1.5,1.7,7.7,7.69,17.09,Delayed >6 Months,176,10.0,0,3101.9,3101.9,0.0,134,130,0.88,1.94,1.86,0.08,1.51,233,8.84,1.21
REC_00810,KA02,CR08,2023_R,INS05,29294,13924,43218,35016,47600.73,228.48,14.52,1.5,3.43,14.88,14.87,33.18,Delayed >6 Months,284,3.7,9,1890.0,1845.6,2.35,203,188,4.55,4.13,3.8,0.33,3.03,331,9.13,1.2
REC_00811,KA03,CR02,2019_K,INS02,30157,8226,38383,29481,50772.55,279.25,14.83,2.0,5.58,17.92,17.91,41.41,Settled on Time,52,21.6,8,1985.6,1861.1,6.27,239,222,3.62,18.52,16.84,1.68,16.84,85,40.67,1.05
REC_00812,KA03,CR04,2019_K,INS02,20743,5066,25809,18671,35430.25,99.2,15.69,2.0,1.98,6.79,6.79,15.56,Delayed >6 Months,231,22.6,1,2547.7,2427.0,4.74,193,188,3.75,2.42,2.3,0.12,1.98,268,12.72,1.05
REC_00813,KA03,CR05,2019_K,INS02,20853,5834,26687,20828,32123.63,122.07,15.91,2.0,2.44,8.49,8.49,19.42,Settled on Time,51,-12.4,14,1944.8,1944.8,0.0,132,120,0.21,3.09,2.83,0.26,2.83,72,14.57,1.05
REC_00814,KA03,CR10,2019_K,INS02,12731,3954,16685,12857,16543.41,74.45,10.88,2.0,1.49,3.3,3.31,8.1,Delayed >6 Months,189,-32.0,2,1792.2,1432.4,20.08,65,60,2.26,14.92,13.88,1.04,10.79,225,133.21,1.05
REC_00815,KA03,CR09,2019_R,INS02,12051,3311,15362,12597,20823.14,67.13,13.63,1.5,1.01,4.07,4.07,9.15,Delayed 3-6 Months,201,4.4,4,3049.2,2855.0,6.37,87,79,3.39,4.37,4.04,0.33,3.22,251,35.19,1.05
REC_00816,KA03,CR08,2019_R,INS02,11495,4006,15501,12726,20424.06,84.96,12.41,1.5,1.27,4.64,4.63,10.54,Settled on Time,59,-3.5,7,2467.4,2467.4,0.0,96,92,5.37,2.17,1.94,0.23,1.94,75,18.41,1.05
REC_00817,KA03,CR02,2020_K,INS02,31519,6556,38075,29747,39552.24,226.24,11.29,2.0,4.52,10.51,10.51,25.54,Settled on Time,53,23.4,5,2831.2,2831.2,0.0,171,155,2.69,8.43,7.86,0.57,7.86,80,30.78,1.05
REC_00818,KA03,CR04,2020_K,INS02,46999,11620,58619,43919,64826.1,188.77,16.47,2.0,3.78,13.66,13.65,31.09,Settled on Time,56,-6.4,28,2661.9,2615.9,1.73,261,238,5.65,6.52,6.06,0.46,6.06,87,19.49,1.05
REC_00819,KA03,CR05,2020_K,INS02,16987,3063,20050,15605,23145.81,91.47,12.86,2.0,1.83,4.96,4.97,11.76,Settled on Time,52,12.0,4,2504.2,2338.4,6.62,125,115,3.46,6.32,5.82,0.5,5.82,86,49.49,1.05
REC_00820,KA03,CR10,2020_K,INS02,16823,5269,22092,19436,25756.51,120.54,11.61,2.0,2.41,5.79,5.79,13.99,Settled on Time,18,-36.5,13,1664.3,1089.9,34.51,140,133,0.84,44.66,41.84,2.82,41.84,49,299.07,1.05
REC_00821,KA03,CR09,2020_R,INS02,20755,5915,26670,21651,36155.91,121.05,13.64,1.5,1.82,7.34,7.35,16.51,Settled on Time,25,10.4,2,1491.1,1344.8,9.81,158,149,2.18,11.4,10.78,0.62,10.78,56,65.29,1.05
REC_00822,KA03,CR08,2020_R,INS02,34513,12810,47323,37807,47421.2,204.86,13.69,1.5,3.07,12.49,12.49,28.05,Settled on Time,54,-15.0,7,1261.0,1261.0,0.0,261,245,6.8,2.2,1.99,0.21,1.99,71,7.09,1.05
REC_00823,KA03,CR02,2021_K,INS02,36855,8277,45132,33633,58452.36,347.21,14.59,2.0,6.94,21.86,21.86,50.66,Settled on Time,39,-9.8,2,2374.8,2299.2,3.18,285,282,2.12,7.03,6.78,0.25,6.78,61,13.38,1.05
REC_00824,KA03,CR04,2021_K,INS02,39043,7417,46460,40029,61524.04,186.05,12.08,2.0,3.72,9.38,9.37,22.47,Delayed >6 Months,103,-29.6,15,2289.4,1784.1,22.07,280,270,4.72,42.55,38.94,3.61,31.38,153,139.65,1.05
REC_00825,KA03,CR05,2021_K,INS02,11099,2033,13132,9767,18989.85,77.93,14.24,2.0,1.56,4.77,4.77,11.1,Settled on Time,59,-20.1,45,3147.2,2075.9,34.04,83,78,0.6,28.5,26.13,2.37,26.13,79,235.41,1.05
REC_00826,KA03,CR10,2021_K,INS02,19311,5311,24622,18965,26623.45,129.39,12.82,2.0,2.59,7.0,7.0,16.59,Delayed 3-6 Months,175,9.2,9,2828.8,2723.9,3.71,145,132,1.47,2.28,2.12,0.16,1.88,232,11.33,1.05
REC_00827,KA03,CR09,2021_R,INS02,26204,9650,35854,28899,40020.97,138.95,13.82,1.5,2.08,8.56,8.56,19.2,Settled on Time,41,3.3,16,1636.5,1626.8,0.59,180,175,2.48,3.94,3.76,0.18,3.76,65,19.58,1.05
REC_00828,KA03,CR08,2021_R,INS02,31066,8440,39506,34129,49095.26,219.95,13.83,1.5,3.3,13.56,13.56,30.42,Settled on Time,41,-11.1,45,1554.2,1553.3,0.06,220,214,3.58,5.92,5.38,0.54,5.38,73,17.69,1.05
REC_00829,KA03,CR02,2022_K,INS02,29009,8723,37732,29487,47436.67,292.21,14.74,2.0,5.84,18.61,18.62,43.07,Settled on Time,54,-1.1,2,1976.9,1877.6,5.02,220,201,0.41,15.76,14.79,0.97,14.79,69,34.34,1.05
REC_00830,KA03,CR04,2022_K,INS02,39089,9770,48859,36328,63461.8,199.02,11.2,2.0,3.98,9.15,9.16,22.29,Settled on Time,18,-26.2,3,1291.1,1014.7,21.41,268,261,3.09,40.87,37.67,3.2,37.67,46,169.0,1.05
REC_00831,KA03,CR05,2022_K,INS02,42347,13094,55441,40025,60293.03,256.61,12.52,2.0,5.13,13.5,13.5,32.13,Settled on Time,48,0.5,0,2243.7,2243.7,0.0,271,251,3.78,2.81,2.68,0.13,2.68,73,8.34,1.05
REC_00832,KA03,CR10,2022_K,INS02,36611,11219,47830,40854,44570.37,224.63,15.26,2.0,4.49,14.9,14.89,34.28,Delayed 3-6 Months,264,2.4,0,2384.9,2384.9,0.0,179,175,1.78,6.82,6.27,0.55,5.3,303,15.46,1.05
REC_00833,KA03,CR09,2022_R,INS02,19443,3384,22827,18987,33798.06,121.54,16.88,1.5,1.82,9.35,9.35,20.52,Settled on Time,39,-1.9,8,3187.8,3187.8,0.0,156,145,6.05,4.18,3.9,0.28,3.9,58,19.01,1.05
REC_00834,KA03,CR08,2022_R,INS02,30174,11600,41774,30183,48344.76,224.32,16.17,1.5,3.36,16.45,16.46,36.27,Delayed 3-6 Months,231,-35.0,13,2442.6,1695.2,30.6,243,226,0.7,70.02,66.28,3.74,60.58,277,167.03,1.05
REC_00835,KA03,CR02,2023_K,INS02,20700,6530,27230,21883,27698.32,176.72,10.25,2.0,3.53,7.29,7.29,18.11,Delayed 3-6 Months,279,15.7,12,2608.2,2608.2,0.0,132,129,2.95,3.65,3.37,0.28,3.08,319,17.01,1.05
REC_00836,KA03,CR04,2023_K,INS02,10417,1864,12281,10714,18111.21,58.83,14.85,2.0,1.18,3.78,3.78,8.74,Settled on Time,59,-6.8,19,1599.3,1599.3,0.0,83,77,0.98,1.88,1.74,0.14,1.74,82,19.91,1.05
REC_00837,KA03,CR05,2023_K,INS02,47100,11003,58103,42421,61239.3,269.94,15.77,2.0,5.4,18.58,18.59,42.57,Delayed 3-6 Months,158,20.4,6,1829.9,1829.9,0.0,306,284,0.29,5.66,5.35,0.31,3.96,191,9.3,1.05
REC_00838,KA03,CR10,2023_K,INS02,33178,6262,39440,30599,58515.19,305.45,16.91,2.0,6.11,22.77,22.77,51.65,Delayed 3-6 Months,171,4.1,0,2487.3,2487.3,0.0,298,292,1.2,9.12,8.4,0.72,7.15,217,13.84,1.05
REC_00839,KA03,CR09,2023_R,INS02,16307,4609,20916,16046,26847.82,99.87,15.81,1.5,1.5,7.14,7.15,15.79,Settled on Time,60,12.1,8,3074.7,2990.7,2.73,134,131,0.48,3.86,3.56,0.3,3.56,80,22.55,1.05
REC_00840,KA03,CR08,2023_R,INS02,11159,2644,13803,11903,15377.05,73.81,16.97,1.5,1.11,5.71,5.71,12.53,Delayed >6 Months,176,13.0,0,2142.6,2142.6,0.0,73,68,1.48,2.54,2.36,0.18,2.11,219,16.84,1.05
REC_00841,KA04,CR02,2019_K,INS02,34716,11204,45920,35862,59694.49,328.32,17.13,2.0,6.57,24.84,24.83,56.24,Settled on Time,50,20.1,8,3056.5,2970.9,2.8,315,293,5.12,10.51,9.85,0.66,9.85,70,17.51,1.05
REC_00842,KA04,CR04,2019_K,INS02,31691,13342,45033,34708,38444.65,107.65,16.58,2.0,2.15,7.85,7.85,17.85,Settled on Time,32,-3.0,11,2522.8,2494.0,1.14,178,166,4.44,4.23,3.9,0.33,3.9,57,21.85,1.05
REC_00843,KA04,CR05,2019_K,INS02,30965,12424,43389,31828,41157.8,156.4,14.61,2.0,3.13,9.86,9.86,22.85,Delayed 3-6 Months,234,16.8,5,1474.1,1461.7,0.84,182,166,0.85,4.94,4.78,0.16,3.58,284,15.67,1.05
REC_00844,KA04,CR10,2019_K,INS02,48973,20935,69908,56617,59735.09,268.81,14.42,2.0,5.38,16.69,16.69,38.76,Settled on Time,40,-5.3,5,2430.8,2289.3,5.82,290,277,1.37,16.73,15.76,0.97,15.76,67,40.66,1.05
REC_00845,KA04,CR09,2019_R,INS02,11563,3530,15093,12751,20151.86,64.97,16.16,1.5,0.97,4.76,4.77,10.5,Settled on Time,24,5.6,22,1379.3,1379.3,0.0,85,83,3.78,1.1,1.03,0.07,1.03,39,9.81,1.05
REC_00846,KA04,CR08,2019_R,INS02,33087,10607,43694,33924,56572.66,235.34,11.14,1.5,3.53,11.34,11.35,26.22,Delayed 3-6 Months,277,16.9,17,2661.1,2513.1,5.56,229,222,0.36,13.11,12.7,0.41,9.7,323,36.99,1.05
REC_00847,KA04,CR02,2020_K,INS02,21595,6381,27976,20902,28781.77,164.63,16.2,2.0,3.29,11.69,11.69,26.67,Delayed >6 Months,262,50.4,1,1849.2,1741.5,5.82,135,131,0.79,10.33,9.45,0.88,7.79,312,29.21,1.05
REC_00848,KA04,CR04,2020_K,INS02,33732,11352,45084,39374,55071.52,160.37,14.78,2.0,3.21,10.24,10.25,23.7,Delayed 3-6 Months,146,20.0,7,2665.9,2603.5,2.34,277,260,2.96,4.54,4.16,0.38,3.22,200,13.59,1.05
REC_00849,KA04,CR05,2020_K,INS02,28274,6787,35061,28321,45754.25,180.82,15.04,2.0,3.62,11.79,11.79,27.2,Settled on Time,32,16.2,15,3142.0,3109.9,1.02,196,193,0.97,1.83,1.76,0.07,1.76,47,6.47,1.05
REC_00850,KA04,CR10,2020_K,INS02,35038,8563,43601,36706,50991.92,238.64,16.43,2.0,4.77,17.22,17.22,39.21,Settled on Time,59,2.9,4,1810.5,1792.1,1.02,257,238,3.9,3.45,3.23,0.22,3.23,76,8.24,1.05
REC_00851,KA04,CR09,2020_R,INS02,33089,11850,44939,36430,41652.16,139.45,15.67,1.5,2.09,9.88,9.88,21.85,Delayed 3-6 Months,284,-31.1,1,2247.7,1884.9,16.14,188,178,2.82,23.2,22.25,0.95,18.98,325,86.86,1.05
REC_00852,KA04,CR08,2020_R,INS02,12592,3980,16572,12872,21624.95,93.42,10.82,1.5,1.4,4.36,4.35,10.11,Settled on Time,30,16.5,6,3143.3,3129.8,0.43,113,107,1.43,2.65,2.45,0.2,2.45,60,24.23,1.05
REC_00853,KA04,CR02,2021_K,INS02,33502,7416,40918,32107,53538.63,318.02,16.03,2.0,6.36,22.31,22.31,50.98,Delayed >6 Months,152,-49.7,4,2211.6,1303.3,41.07,234,213,2.62,134.18,125.98,8.2,97.47,198,191.19,1.05
REC_00854,KA04,CR04,2021_K,INS02,44585,17865,62450,53056,54119.15,163.66,15.86,2.0,3.27,11.34,11.35,25.96,Settled on Time,18,-25.6,25,1973.5,1232.9,37.53,214,197,4.74,62.28,56.34,5.94,56.34,43,217.03,1.05
REC_00855,KA04,CR05,2021_K,INS02,24560,6564,31124,24977,33122.99,135.94,15.82,2.0,2.72,9.4,9.39,21.51,Delayed 3-6 Months,215,-20.3,8,1920.8,1612.9,16.03,156,151,3.99,22.74,21.06,1.68,16.81,269,78.15,1.05
REC_00856,KA04,CR10,2021_K,INS02,15708,4767,20475,16737,27174.76,132.07,16.73,2.0,2.64,9.73,9.73,22.1,Delayed >6 Months,96,-8.0,9,2066.6,1916.2,7.28,121,110,4.99,9.77,9.03,0.74,7.76,140,35.11,1.05
REC_00857,KA04,CR09,2021_R,INS02,26126,6937,33063,25842,45424.55,157.71,10.62,1.5,2.37,7.19,7.19,16.75,Settled on Time,25,-4.4,4,2808.5,2794.1,0.51,202,188,0.78,2.38,2.18,0.2,2.18,44,13.01,1.05
REC_00858,KA04,CR08,2021_R,INS02,53537,12458,65995,49626,64479.35,288.87,10.7,1.5,4.33,13.29,13.29,30.91,Settled on Time,45,18.3,11,1713.4,1601.3,6.54,299,287,6.19,19.87,18.02,1.85,18.02,73,58.3,1.05
REC_00859,KA04,CR02,2022_K,INS02,16721,4407,21128,16158,22754.68,140.17,12.19,2.0,2.8,7.14,7.15,17.09,Settled on Time,27,11.4,5,1651.9,1537.8,6.91,89,82,0.46,9.21,8.59,0.62,8.59,47,50.26,1.05
REC_00860,KA04,CR04,2022_K,INS02,39391,11196,50587,44238,55759.16,174.86,12.3,2.0,3.5,9.01,9.0,21.51,Settled on Time,33,19.0,1,2202.0,2093.4,4.93,268,260,0.66,5.7,5.25,0.45,5.25,65,24.41,1.05
REC_00861,KA04,CR05,2022_K,INS02,37502,15138,52640,41097,54183.68,230.61,15.07,2.0,4.61,15.07,15.07,34.75,Delayed >6 Months,117,20.4,0,2726.8,2592.4,4.93,223,214,3.46,3.99,3.75,0.24,2.76,153,7.94,1.05
REC_00862,KA04,CR10,2022_K,INS02,10747,3183,13930,10913,18828.43,94.9,14.35,2.0,1.9,5.86,5.86,13.62,Settled on Time,29,14.2,1,1791.1,1768.9,1.24,72,67,2.78,1.04,1.0,0.04,1.0,53,7.34,1.05
REC_00863,KA04,CR09,2022_R,INS02,22580,6196,28776,25019,35308.6,126.97,14.34,1.5,1.9,8.15,8.16,18.21,Settled on Time,17,-3.6,1,1659.5,1628.6,1.86,187,172,0.11,1.87,1.76,0.11,1.76,33,9.67,1.05
REC_00864,KA04,CR08,2022_R,INS02,20392,8060,28452,22266,30924.82,143.49,11.05,1.5,2.15,6.86,6.85,15.86,Settled on Time,26,-33.7,4,2436.2,1829.3,24.91,166,157,0.25,35.66,33.07,2.59,33.07,47,208.51,1.05
REC_00865,KA04,CR02,2023_K,INS02,27040,6801,33841,24483,38750.84,247.23,13.12,2.0,4.94,13.75,13.75,32.44,Settled on Time,26,8.0,1,2382.3,2285.3,4.07,154,148,2.62,9.38,8.52,0.86,8.52,41,26.26,1.05
REC_00866,KA04,CR04,2023_K,INS02,49564,11561,61125,49046,61094.42,198.43,13.96,2.0,3.97,11.86,11.87,27.7,Settled on Time,17,-6.6,19,1681.1,1435.2,14.63,302,297,2.85,30.2,28.79,1.41,28.79,49,103.94,1.05
REC_00867,KA04,CR05,2023_K,INS02,15273,2869,18142,14644,22001.28,96.98,15.29,2.0,1.94,6.44,6.45,14.83,Settled on Time,40,15.4,4,2322.4,2312.4,0.43,96,90,1.24,3.6,3.3,0.3,3.3,65,22.25,1.05
REC_00868,KA04,CR10,2023_K,INS02,32827,9238,42065,36386,47158.07,246.17,17.11,2.0,4.92,18.6,18.6,42.12,Settled on Time,26,7.4,10,2324.2,2324.2,0.0,181,171,3.04,6.5,6.1,0.4,6.1,43,14.48,1.05
REC_00869,KA04,CR09,2023_R,INS02,21135,8227,29362,22323,34670.68,128.97,13.09,1.5,1.93,7.48,7.47,16.88,Settled on Time,33,10.4,22,2481.9,2481.9,0.0,151,144,2.71,4.77,4.37,0.4,4.37,63,25.89,1.05
REC_00870,KA04,CR08,2023_R,INS02,34203,10546,44749,32998,61359.19,294.52,13.81,1.5,4.42,18.12,18.13,40.67,Settled on Time,15,2.2,3,1411.2,1262.5,10.54,257,240,4.99,32.08,30.12,1.96,30.12,45,74.06,1.05
REC_00871,KA05,CR02,2019_K,INS05,20432,8562,28994,24159,26465.95,145.56,11.73,2.0,2.91,7.08,7.08,17.07,Delayed >6 Months,180,-10.5,19,1448.3,1352.0,6.65,119,108,1.09,9.75,9.44,0.31,7.36,232,43.12,1.05
REC_00872,KA05,CR04,2019_K,INS05,20530,6229,26759,21078,33445.72,93.65,14.4,2.0,1.87,5.81,5.81,13.49,Delayed >6 Months,234,3.7,20,3179.4,3179.4,0.0,152,144,1.96,3.03,2.84,0.19,2.28,283,16.9,1.05
REC_00873,KA05,CR05,2019_K,INS05,25622,5241,30863,23080,37785.31,143.58,13.87,2.0,2.87,8.52,8.52,19.91,Settled on Time,23,-8.1,5,1889.9,1797.3,4.9,200,197,4.0,2.27,2.08,0.19,2.08,39,10.45,1.05
REC_00874,KA05,CR10,2019_K,INS05,48810,22256,71066,56748,60946.74,274.26,13.59,2.0,5.49,15.89,15.89,37.27,Settled on Time,44,-25.4,65,3180.8,1913.2,39.85,276,262,2.84,113.95,109.02,4.93,109.02,70,292.51,1.05
REC_00875,KA05,CR09,2019_R,INS05,26976,5134,32110,26337,43418.06,139.98,12.42,1.5,2.1,7.64,7.65,17.39,Delayed >6 Months,179,2.9,4,2746.6,2746.6,0.0,191,188,2.27,2.58,2.45,0.13,2.2,219,12.65,1.05
REC_00876,KA05,CR08,2019_R,INS05,11632,2322,13954,11825,18150.77,75.51,14.94,1.5,1.13,5.08,5.07,11.28,Delayed 3-6 Months,160,16.2,14,2769.7,2769.7,0.0,75,70,0.73,1.97,1.88,0.09,1.46,200,12.94,1.05
REC_00877,KA05,CR02,2020_K,INS05,23283,7332,30615,26453,31333.91,179.23,12.6,2.0,3.58,9.5,9.5,22.58,Settled on Time,15,-9.8,1,2877.2,2844.1,1.15,162,149,2.45,2.76,2.58,0.18,2.58,43,11.43,1.05
REC_00878,KA05,CR04,2020_K,INS05,22787,6320,29107,22510,36635.32,106.68,12.58,2.0,2.13,5.64,5.65,13.42,Settled on Time,33,44.9,3,1246.2,1103.1,11.48,175,159,3.29,12.81,12.1,0.71,12.1,59,90.16,1.05
REC_00879,KA05,CR05,2020_K,INS05,28157,7000,35157,29390,35778.0,141.39,14.73,2.0,2.83,9.0,9.0,20.83,Settled on Time,27,-4.8,0,1526.6,1424.2,6.71,172,164,3.32,9.89,9.02,0.87,9.02,47,43.3,1.05
REC_00880,KA05,CR10,2020_K,INS05,13602,4634,18236,15563,24255.44,113.52,10.54,2.0,2.27,4.85,4.85,11.97,Delayed >6 Months,198,27.2,3,2685.6,2665.5,0.75,113,102,1.15,1.96,1.87,0.09,1.68,242,14.04,1.05
REC_00881,KA05,CR09,2020_R,INS05,21174,8183,29357,21254,34606.41,115.86,13.59,1.5,1.74,7.0,7.01,15.75,Settled on Time,47,-4.0,6,1837.1,1837.1,0.0,146,136,1.73,1.59,1.49,0.1,1.49,74,9.46,1.05
REC_00882,KA05,CR08,2020_R,INS05,42929,15648,58577,44377,57436.85,248.13,15.19,1.5,3.72,16.98,16.99,37.69,Delayed 3-6 Months,119,-1.8,3,1429.4,1429.4,0.0,295,276,3.93,5.99,5.59,0.4,4.2,150,11.14,1.05
REC_00883,KA05,CR02,2021_K,INS05,21795,7415,29210,25054,36462.79,216.59,10.52,2.0,4.33,9.23,9.23,22.79,Delayed 3-6 Months,177,-25.1,61,1882.8,1313.1,30.26,174,170,1.84,66.96,61.98,4.98,48.93,223,214.7,1.05
REC_00884,KA05,CR04,2021_K,INS05,47796,11451,59247,44099,62128.89,187.88,16.0,2.0,3.76,13.15,13.15,30.06,Settled on Time,15,-16.4,1,1363.3,1352.4,0.8,292,266,1.87,4.65,4.38,0.27,4.38,35,14.57,1.05
REC_00885,KA05,CR05,2021_K,INS05,37192,12119,49311,36997,55375.58,227.26,14.18,2.0,4.55,13.84,13.84,32.23,Delayed 3-6 Months,287,-9.8,10,2737.8,2737.8,0.0,265,255,1.89,2.99,2.74,0.25,2.23,328,6.92,1.05
REC_00886,KA05,CR10,2021_K,INS05,12496,4810,17306,12518,17850.33,86.75,13.77,2.0,1.74,5.11,5.1,11.95,Delayed 3-6 Months,244,-17.9,10,2357.1,2262.1,4.03,82,75,2.21,1.42,1.34,0.08,1.18,282,9.87,1.05
REC_00887,KA05,CR09,2021_R,INS05,47935,18883,66818,54103,59102.72,205.2,15.06,1.5,3.08,13.91,13.91,30.9,Settled on Time,15,24.4,1,1297.8,1297.8,0.0,279,272,1.34,7.23,6.67,0.56,6.67,43,21.59,1.05
REC_00888,KA05,CR08,2021_R,INS05,21538,8167,29705,24450,38309.55,171.63,13.05,1.5,2.57,9.91,9.92,22.4,Delayed 3-6 Months,155,23.9,3,1813.3,1606.4,11.41,180,172,0.34,18.78,17.87,0.91,15.99,207,71.38,1.05
REC_00889,KA05,CR02,2022_K,INS05,17676,3327,21003,18352,31162.34,191.96,12.17,2.0,3.84,9.76,9.76,23.36,Delayed 3-6 Months,173,1.5,3,2278.2,2278.2,0.0,127,124,0.9,5.61,5.43,0.18,4.68,219,20.03,1.05
REC_00890,KA05,CR04,2022_K,INS05,16360,3493,19853,15687,24929.15,78.18,16.05,2.0,1.56,5.5,5.49,12.55,Delayed >6 Months,275,-19.1,23,1573.5,1573.5,0.0,104,98,4.31,1.48,1.34,0.14,0.94,321,7.49,1.05
REC_00891,KA05,CR05,2022_K,INS05,32668,11466,44134,36900,51391.28,218.72,15.29,2.0,4.37,14.54,14.53,33.44,Settled on Time,59,10.8,3,2143.8,2005.5,6.45,216,211,1.33,13.73,12.77,0.96,12.77,93,38.19,1.05
REC_00892,KA05,CR10,2022_K,INS05,34096,7484,41580,35766,56172.68,283.11,14.13,2.0,5.66,17.17,17.17,40.0,Delayed >6 Months,170,-3.8,0,2152.0,2056.4,4.44,278,268,1.99,9.38,8.6,0.78,7.36,215,18.4,1.05
REC_00893,KA05,CR09,2022_R,INS05,28570,6577,35147,29858,46293.31,166.47,17.1,1.5,2.5,12.98,12.99,28.47,Settled on Time,29,18.6,9,2524.5,2524.5,0.0,206,201,1.06,5.91,5.69,0.22,5.69,44,19.99,1.05
REC_00894,KA05,CR08,2022_R,INS05,47894,17371,65265,55587,61718.73,286.37,15.41,1.5,4.3,19.92,19.91,44.13,Delayed 3-6 Months,134,-8.2,15,2051.1,2051.1,0.0,289,273,4.29,8.45,7.64,0.81,6.74,192,15.27,1.05
REC_00895,KA05,CR02,2023_K,INS05,33953,6286,40239,34418,58441.67,372.86,14.7,2.0,7.46,23.68,23.67,54.81,Settled on Time,53,-8.1,7,1856.4,1856.4,0.0,268,258,0.12,4.97,4.55,0.42,4.55,79,8.3,1.05
REC_00896,KA05,CR04,2023_K,INS05,15152,4548,19700,15863,21390.29,69.48,10.7,2.0,1.39,3.02,3.02,7.43,Settled on Time,59,-17.2,0,1959.3,1931.4,1.42,93,85,1.81,0.87,0.84,0.03,0.84,84,11.31,1.05
REC_00897,KA05,CR05,2023_K,INS05,21789,5902,27691,23992,27394.85,120.76,15.52,2.0,2.42,8.16,8.16,18.74,Settled on Time,45,6.3,25,2726.5,2693.2,1.22,119,111,3.91,3.83,3.56,0.27,3.56,68,19.0,1.05
REC_00898,KA05,CR10,2023_K,INS05,23633,6081,29714,24953,35515.28,185.39,16.57,2.0,3.71,13.5,13.51,30.72,Settled on Time,57,-3.2,15,1883.1,1837.2,2.44,173,167,1.61,3.67,3.42,0.25,3.42,85,11.13,1.05
REC_00899,KA05,CR09,2023_R,INS05,29734,8115,37849,28259,51686.8,192.27,12.68,1.5,2.88,10.75,10.75,24.38,Settled on Time,30,32.7,0,1831.6,1831.6,0.0,213,205,2.91,4.46,4.03,0.43,4.03,56,16.53,1.05
REC_00900,KA05,CR08,2023_R,INS05,18273,6122,24395,21173,25138.46,120.66,11.7,1.5,1.81,6.16,6.15,14.12,Settled on Time,53,-2.1,3,2520.4,2456.1,2.55,121,118,1.46,3.94,3.78,0.16,3.78,86,26.77,1.05
REC_00901,KA06,CR02,2019_K,INS02,20844,5484,26328,19968,33399.98,183.7,15.32,2.0,3.67,12.24,12.23,28.14,Settled on Time,20,29.1,9,2541.4,2489.5,2.04,154,151,5.52,6.17,5.78,0.39,5.78,38,20.54,1.12
REC_00902,KA06,CR04,2019_K,INS02,27068,7885,34953,28597,43665.69,122.26,11.67,2.0,2.45,5.91,5.91,14.27,Settled on Time,48,7.3,3,2542.7,2542.7,0.0,177,173,2.91,4.1,3.89,0.21,3.89,66,27.26,1.31
REC_00903,KA06,CR05,2019_K,INS02,37409,8578,45987,38384,52054.29,197.81,13.4,2.0,3.96,11.28,11.27,26.51,Settled on Time,19,-2.5,2,2385.4,2385.4,0.0,249,227,1.86,5.31,5.1,0.21,5.1,38,19.24,1.16
REC_00904,KA06,CR10,2019_K,INS02,11455,3777,15232,12992,18361.43,82.63,11.99,2.0,1.65,4.13,4.13,9.91,Settled on Time,22,-5.9,10,1811.5,1811.5,0.0,86,80,4.45,1.05,0.96,0.09,0.96,40,9.69,1.25
REC_00905,KA06,CR09,2019_R,INS02,27828,9267,37095,30694,46455.66,149.77,12.34,1.5,2.25,8.12,8.11,18.48,Delayed 3-6 Months,224,-4.5,8,3105.2,3105.2,0.0,230,210,4.22,5.88,5.34,0.54,3.89,281,21.05,1.26
REC_00906,KA06,CR08,2019_R,INS02,22751,8386,31137,25704,33594.9,139.75,11.71,1.5,2.1,7.13,7.13,16.36,Delayed 3-6 Months,137,15.3,1,1541.5,1418.6,7.97,134,126,1.11,11.0,10.44,0.56,9.28,181,56.72,1.17
REC_00907,KA06,CR02,2020_K,INS02,36788,6741,43529,38298,61730.27,353.1,16.16,2.0,7.06,25.0,25.0,57.06,Delayed 3-6 Months,124,-6.6,8,2759.5,2759.5,0.0,310,288,5.51,10.72,9.71,1.01,7.87,164,13.79,1.25
REC_00908,KA06,CR04,2020_K,INS02,19380,6837,26217,19749,34420.39,100.23,13.99,2.0,2.0,6.01,6.01,14.02,Settled on Time,60,41.9,4,2820.3,2557.4,9.32,142,134,2.28,9.2,8.74,0.46,8.74,92,62.34,1.37
REC_00909,KA06,CR05,2020_K,INS02,49542,15824,65366,48576,61327.28,242.37,14.83,2.0,4.85,15.54,15.55,35.94,Settled on Time,20,-12.2,7,1537.9,1537.9,0.0,240,224,4.21,7.05,6.35,0.7,6.35,39,17.67,1.45
REC_00910,KA06,CR10,2020_K,INS02,36402,11926,48328,39813,56547.81,264.64,11.71,2.0,5.29,12.85,12.85,30.99,Settled on Time,43,-38.6,25,2249.0,1286.9,42.78,312,302,0.82,114.29,110.27,4.02,110.27,70,355.82,1.23
REC_00911,KA06,CR09,2020_R,INS02,19254,3316,22570,19131,32658.67,109.34,15.3,1.5,1.64,7.54,7.55,16.73,Settled on Time,44,2.7,0,1301.3,1284.8,1.27,130,127,6.27,4.21,3.75,0.46,3.75,76,22.41,1.42
REC_00912,KA06,CR08,2020_R,INS02,15226,5157,20383,17815,25863.94,111.73,15.3,1.5,1.68,7.7,7.71,17.09,Delayed 3-6 Months,239,5.3,8,1640.6,1640.6,0.0,122,116,0.67,3.63,3.53,0.1,3.07,291,17.96,1.1
REC_00913,KA06,CR02,2021_K,INS02,21406,5945,27351,23097,33480.21,198.87,14.28,2.0,3.98,12.21,12.21,28.4,Delayed 3-6 Months,173,-0.4,1,1858.0,1858.0,0.0,155,143,0.58,2.36,2.17,0.19,1.61,209,5.67,1.33
REC_00914,KA06,CR04,2021_K,INS02,25631,5139,30770,26121,38437.55,116.24,15.62,2.0,2.32,7.92,7.92,18.16,Settled on Time,40,-21.0,29,2336.7,1832.7,21.57,203,190,3.66,25.23,22.86,2.37,22.86,66,125.88,1.3
REC_00915,KA06,CR05,2021_K,INS02,17956,5513,23469,18387,28095.49,115.3,18.23,2.0,2.31,9.36,9.35,21.02,Delayed 3-6 Months,150,-9.0,5,2124.1,2059.5,3.04,144,134,1.01,2.91,2.71,0.2,2.21,206,10.51,1.45
REC_00916,KA06,CR10,2021_K,INS02,16269,3270,19539,16197,20791.73,101.05,13.91,2.0,2.02,6.02,6.02,14.06,Settled on Time,17,-26.2,17,2739.7,1762.7,35.66,92,87,2.24,38.45,35.05,3.4,35.05,48,249.29,1.23
REC_00917,KA06,CR09,2021_R,INS02,35392,7975,43367,33603,50864.96,176.6,11.8,1.5,2.65,9.1,9.09,20.84,Settled on Time,59,-6.4,21,1826.8,1826.8,0.0,201,186,3.32,2.94,2.75,0.19,2.75,80,13.2,1.35
REC_00918,KA06,CR08,2021_R,INS02,31289,11980,43269,33181,40558.03,181.7,16.42,1.5,2.73,13.56,13.55,29.84,Delayed >6 Months,112,45.5,2,2556.4,2400.2,6.11,186,175,4.23,11.67,10.73,0.94,7.79,153,26.11,1.15
REC_00919,KA06,CR02,2022_K,INS02,35799,12540,48339,39848,59060.64,363.81,14.85,2.0,7.28,23.38,23.37,54.03,Settled on Time,45,17.2,1,1859.4,1812.7,2.51,306,295,1.56,7.13,6.61,0.52,6.61,62,12.23,1.39
REC_00920,KA06,CR04,2022_K,INS02,40441,13796,54237,44851,53050.36,166.37,16.54,2.0,3.33,12.1,12.09,27.52,Delayed 3-6 Months,129,-0.2,1,1515.2,1515.2,0.0,217,210,0.72,4.39,4.24,0.15,3.57,168,12.97,1.32
REC_00921,KA06,CR05,2022_K,INS02,43526,17042,60568,48751,56700.35,241.32,17.76,2.0,4.83,19.02,19.01,42.86,Settled on Time,56,19.4,1,2409.1,2208.2,8.34,248,235,2.01,20.75,19.52,1.23,19.52,80,45.54,1.44
REC_00922,KA06,CR10,2022_K,INS02,40773,8989,49762,43596,51634.28,260.24,16.39,2.0,5.2,18.73,18.72,42.65,Settled on Time,38,-8.1,17,1807.7,1712.6,5.26,253,241,2.7,14.52,13.3,1.22,13.3,62,31.18,1.23
REC_00923,KA06,CR09,2022_R,INS02,37860,8656,46516,37267,56568.81,203.42,12.29,1.5,3.05,10.98,10.97,25.0,Settled on Time,39,-16.3,21,1871.8,1794.9,4.11,246,240,2.75,7.79,7.32,0.47,7.32,64,29.28,1.14
REC_00924,KA06,CR08,2022_R,INS02,26810,10923,37733,33055,42005.37,194.9,18.06,1.5,2.92,16.14,16.14,35.2,Settled on Time,39,-13.2,7,3182.5,2960.4,6.98,212,201,1.68,13.24,12.25,0.99,12.25,66,34.8,1.13
REC_00925,KA06,CR02,2023_K,INS02,16329,5590,21919,16278,20657.95,131.8,14.57,2.0,2.64,8.28,8.28,19.2,Settled on Time,58,-8.9,3,2301.0,1425.0,38.07,95,89,7.56,50.01,44.7,5.31,44.7,79,232.81,1.35
REC_00926,KA06,CR04,2023_K,INS02,12055,3034,15089,12835,17255.45,56.05,18.07,2.0,1.12,4.5,4.51,10.13,Settled on Time,49,-30.1,11,2849.7,2029.5,28.78,95,88,5.45,17.13,15.69,1.44,15.69,82,154.89,1.28
REC_00927,KA06,CR05,2023_K,INS02,40376,9527,49903,43247,59451.8,262.06,14.02,2.0,5.24,15.75,15.75,36.74,Delayed >6 Months,125,-42.3,12,1857.7,1121.9,39.61,323,308,0.95,101.63,97.03,4.6,80.45,174,218.97,1.11
REC_00928,KA06,CR10,2023_K,INS02,18575,4625,23200,19986,27093.48,141.43,16.81,2.0,2.83,10.47,10.47,23.77,Delayed 3-6 Months,230,-23.8,17,1876.1,1320.8,29.6,119,115,4.84,40.9,37.17,3.73,32.6,284,137.15,1.27
REC_00929,KA06,CR09,2023_R,INS02,19545,6780,26325,22686,24624.04,91.6,15.86,1.5,1.37,6.58,6.58,14.53,Delayed >6 Months,95,14.3,1,3069.8,3069.8,0.0,108,104,1.43,3.32,3.02,0.3,2.45,149,16.86,1.25
REC_00930,KA06,CR08,2023_R,INS02,26712,9742,36454,31996,36115.69,173.36,13.09,1.5,2.6,10.04,10.05,22.69,Settled on Time,34,15.1,0,2831.1,2756.9,2.62,180,164,2.31,2.9,2.78,0.12,2.78,68,12.25,1.2
